date,close,high,low,open,volume,stock_name,ticker,daily_return_pct,price_range
2022-01-03,3386.36,3397.22,3321.83,3326.26,2346158,TCS,TCS.NS,,75.4
2022-01-04,3445.79,3449.69,3380.99,3398.2,2488606,TCS,TCS.NS,1.75,68.7
2022-01-05,3424.68,3432.7,3381.61,3428.27,1733031,TCS,TCS.NS,-0.61,51.09
2022-01-06,3377.22,3401.66,3345.78,3381.26,1810293,TCS,TCS.NS,-1.39,55.88
2022-01-07,3418.07,3428.18,3367.42,3388.35,2460591,TCS,TCS.NS,1.21,60.76
2022-01-10,3441.44,3528.5,3424.72,3528.5,3937092,TCS,TCS.NS,0.68,103.78
2022-01-11,3473.42,3481.49,3420.29,3420.29,1906106,TCS,TCS.NS,0.93,61.2
2022-01-12,3423.74,3485.04,3403.03,3481.49,3203744,TCS,TCS.NS,-1.43,82.0
2022-01-13,3457.45,3479.71,3421.17,3475.28,6684507,TCS,TCS.NS,0.98,58.54
2022-01-14,3519.76,3527.61,3423.88,3439.67,3348123,TCS,TCS.NS,1.8,103.74
2022-01-17,3565.0,3586.16,3514.57,3541.54,3442604,TCS,TCS.NS,1.29,71.58
2022-01-18,3539.68,3585.0,3530.27,3578.13,2389041,TCS,TCS.NS,-0.71,54.73
2022-01-19,3478.41,3564.91,3474.72,3564.91,3102539,TCS,TCS.NS,-1.73,90.19
2022-01-20,3400.13,3483.16,3386.31,3474.28,6176776,TCS,TCS.NS,-2.25,96.85
2022-01-21,3406.3,3422.34,3350.86,3382.76,3112358,TCS,TCS.NS,0.18,71.48
2022-01-24,3351.08,3420.65,3323.31,3412.08,3258414,TCS,TCS.NS,-1.62,97.34
2022-01-25,3349.79,3384.89,3307.41,3349.43,3330501,TCS,TCS.NS,-0.04,77.48
2022-01-27,3242.59,3317.36,3221.13,3315.23,5718297,TCS,TCS.NS,-3.2,96.23
2022-01-28,3278.84,3314.16,3239.7,3239.7,3143862,TCS,TCS.NS,1.12,74.46
2022-01-31,3319.89,3339.22,3306.7,3331.22,2739393,TCS,TCS.NS,1.25,32.52
2022-02-01,3377.11,3383.65,3320.02,3349.88,2105169,TCS,TCS.NS,1.72,63.62
2022-02-02,3426.47,3433.4,3377.11,3401.33,1984212,TCS,TCS.NS,1.46,56.29
2022-02-03,3398.39,3449.84,3390.8,3421.85,1960538,TCS,TCS.NS,-0.82,59.04
2022-02-04,3389.78,3398.48,3348.99,3390.13,2307366,TCS,TCS.NS,-0.25,49.49
2022-02-07,3357.88,3404.79,3337.57,3368.54,1919149,TCS,TCS.NS,-0.94,67.22
2022-02-08,3326.29,3376.27,3306.34,3369.03,2946443,TCS,TCS.NS,-0.94,69.93
2022-02-09,3341.48,3356.94,3328.64,3332.11,1638721,TCS,TCS.NS,0.46,28.3
2022-02-10,3350.19,3367.47,3339.22,3367.47,2112459,TCS,TCS.NS,0.26,28.26
2022-02-11,3283.19,3334.33,3278.79,3334.33,3851488,TCS,TCS.NS,-2.0,55.54
2022-02-14,3317.67,3370.54,3296.57,3309.01,5951745,TCS,TCS.NS,1.05,73.97
2022-02-15,3392.35,3407.64,3330.33,3364.1,3931683,TCS,TCS.NS,2.25,77.3
2022-02-16,3388.18,3424.61,3381.87,3415.63,3256906,TCS,TCS.NS,-0.12,42.74
2022-02-17,3362.5,3407.64,3357.88,3398.75,3134372,TCS,TCS.NS,-0.76,49.76
2022-02-18,3371.12,3390.71,3338.86,3348.99,3688883,TCS,TCS.NS,0.26,51.85
2022-02-21,3304.92,3401.24,3292.61,3385.42,7465922,TCS,TCS.NS,-1.96,108.63
2022-02-22,3186.74,3259.16,3172.17,3243.25,5408531,TCS,TCS.NS,-3.58,86.99
2022-02-23,3166.66,3219.17,3159.42,3208.6,2426203,TCS,TCS.NS,-0.63,59.76
2022-02-24,3022.58,3095.62,3013.2,3086.86,5039136,TCS,TCS.NS,-4.55,82.41
2022-02-25,3128.41,3136.62,3076.2,3081.53,2549723,TCS,TCS.NS,3.5,60.42
2022-02-28,3158.13,3166.61,3070.78,3101.08,3288942,TCS,TCS.NS,0.95,95.83
2022-03-02,3150.97,3173.9,3115.3,3156.62,2761341,TCS,TCS.NS,-0.23,58.6
2022-03-03,3149.42,3179.81,3136.71,3165.81,1928039,TCS,TCS.NS,-0.05,43.1
2022-03-04,3131.6,3164.35,3098.46,3111.3,2370257,TCS,TCS.NS,-0.57,65.89
2022-03-07,3096.55,3152.62,3049.15,3065.54,3054130,TCS,TCS.NS,-1.12,103.47
2022-03-08,3198.78,3206.82,3074.42,3074.42,3300992,TCS,TCS.NS,3.3,132.4
2022-03-09,3227.79,3246.81,3196.2,3203.27,2719654,TCS,TCS.NS,0.91,50.6
2022-03-10,3217.44,3273.46,3212.15,3273.46,2005441,TCS,TCS.NS,-0.32,61.31
2022-03-11,3198.07,3234.23,3192.47,3201.71,1623423,TCS,TCS.NS,-0.6,41.76
2022-03-14,3237.03,3241.79,3181.05,3181.05,1765688,TCS,TCS.NS,1.22,60.73
2022-03-15,3193.4,3251.25,3185.85,3251.25,3651133,TCS,TCS.NS,-1.35,65.4
2022-03-16,3248.49,3259.25,3213.26,3234.81,3090475,TCS,TCS.NS,1.73,45.98
2022-03-17,3263.47,3296.57,3252.4,3284.66,3600452,TCS,TCS.NS,0.46,44.16
2022-03-21,3222.55,3300.08,3212.15,3284.13,2413831,TCS,TCS.NS,-1.25,87.92
2022-03-22,3288.52,3297.45,3221.04,3234.37,2907611,TCS,TCS.NS,2.05,76.42
2022-03-23,3298.7,3314.16,3278.79,3294.79,1596195,TCS,TCS.NS,0.31,35.36
2022-03-24,3331.97,3339.39,3283.24,3287.68,1879046,TCS,TCS.NS,1.01,56.16
2022-03-25,3294.3,3358.32,3262.8,3340.9,1690133,TCS,TCS.NS,-1.13,95.52
2022-03-28,3294.52,3299.23,3253.2,3283.24,1760990,TCS,TCS.NS,0.01,46.03
2022-03-29,3292.43,3307.23,3279.68,3283.02,2689063,TCS,TCS.NS,-0.06,27.55
2022-03-30,3315.71,3321.45,3293.19,3321.45,1583455,TCS,TCS.NS,0.71,28.26
2022-03-31,3323.18,3336.24,3305.63,3323.22,2168110,TCS,TCS.NS,0.23,30.61
2022-04-01,3339.88,3343.66,3312.6,3330.33,1387014,TCS,TCS.NS,0.5,31.06
2022-04-04,3350.19,3358.77,3320.65,3342.77,1472994,TCS,TCS.NS,0.31,38.12
2022-04-05,3389.69,3408.17,3351.66,3351.66,2314947,TCS,TCS.NS,1.18,56.51
2022-04-06,3336.86,3384.8,3315.36,3384.8,2051729,TCS,TCS.NS,-1.56,69.44
2022-04-07,3273.6,3328.11,3269.02,3328.11,2494829,TCS,TCS.NS,-1.9,59.09
2022-04-08,3274.93,3292.12,3236.59,3278.79,2296773,TCS,TCS.NS,0.04,55.54
2022-04-11,3284.48,3298.65,3248.67,3278.79,2291660,TCS,TCS.NS,0.29,49.98
2022-04-12,3279.77,3322.33,3241.79,3272.57,4483476,TCS,TCS.NS,-0.14,80.55
2022-04-13,3253.87,3296.43,3248.18,3293.9,1621672,TCS,TCS.NS,-0.79,48.25
2022-04-18,3134.89,3207.71,3129.96,3207.71,3820792,TCS,TCS.NS,-3.66,77.75
2022-04-19,3085.0,3166.44,3055.9,3154.4,3170014,TCS,TCS.NS,-1.59,110.54
2022-04-20,3160.44,3171.41,3092.2,3109.97,2640370,TCS,TCS.NS,2.45,79.22
2022-04-21,3224.28,3237.92,3169.86,3181.05,2280996,TCS,TCS.NS,2.02,68.06
2022-04-22,3209.98,3213.93,3173.5,3182.03,1581465,TCS,TCS.NS,-0.44,40.43
2022-04-25,3152.8,3184.61,3139.38,3161.5,1960694,TCS,TCS.NS,-1.78,45.23
2022-04-26,3151.11,3188.07,3126.09,3176.74,1943469,TCS,TCS.NS,-0.05,61.98
2022-04-27,3164.35,3170.79,3115.57,3150.84,1727648,TCS,TCS.NS,0.42,55.22
2022-04-28,3184.87,3202.73,3143.78,3188.16,1703660,TCS,TCS.NS,0.65,58.96
2022-04-29,3151.46,3219.48,3142.71,3196.16,2051115,TCS,TCS.NS,-1.05,76.77
2022-05-02,3147.64,3152.57,3103.53,3127.65,1324161,TCS,TCS.NS,-0.12,49.05
2022-05-04,3091.97,3150.35,3079.13,3144.18,2305825,TCS,TCS.NS,-1.77,71.22
2022-05-05,3121.87,3139.29,3096.95,3120.72,1612262,TCS,TCS.NS,0.97,42.34
2022-05-06,3050.08,3087.31,3042.88,3073.54,2010812,TCS,TCS.NS,-2.3,44.43
2022-05-09,3061.19,3070.87,2973.88,3019.33,2481830,TCS,TCS.NS,0.36,96.99
2022-05-10,3055.54,3078.69,3040.66,3051.32,1622685,TCS,TCS.NS,-0.18,38.03
2022-05-11,3031.77,3064.16,3005.25,3052.21,1841769,TCS,TCS.NS,-0.78,58.91
2022-05-12,3028.8,3065.27,2976.77,3001.56,2807195,TCS,TCS.NS,-0.1,88.5
2022-05-13,3034.35,3056.57,3005.25,3052.21,2187823,TCS,TCS.NS,0.18,51.31
2022-05-16,3000.5,3047.77,2991.43,3034.44,1195813,TCS,TCS.NS,-1.12,56.33
2022-05-17,3066.96,3080.64,2977.04,2994.45,1754076,TCS,TCS.NS,2.22,103.61
2022-05-18,3064.47,3105.52,3059.36,3078.87,1866781,TCS,TCS.NS,-0.08,46.16
2022-05-19,2898.44,3025.55,2870.06,3018.45,4642963,TCS,TCS.NS,-5.42,155.5
2022-05-20,2926.04,2944.61,2905.64,2941.14,3065125,TCS,TCS.NS,0.95,38.96
2022-05-23,2951.58,2966.82,2902.93,2936.52,2293690,TCS,TCS.NS,0.87,63.89
2022-05-24,2921.59,2954.34,2910.57,2945.72,1711510,TCS,TCS.NS,-1.02,43.76
2022-05-25,2833.61,2945.61,2821.45,2945.61,3548046,TCS,TCS.NS,-3.01,124.16
2022-05-26,2886.66,2899.68,2845.15,2854.5,2813186,TCS,TCS.NS,1.87,54.52
2022-05-27,2917.39,2933.13,2888.67,2910.14,3103153,TCS,TCS.NS,1.06,44.46
2022-05-30,3019.32,3029.47,2939.8,2949.32,2094624,TCS,TCS.NS,3.49,89.68
2022-05-31,3009.57,3026.61,2974.37,3000.45,4840965,TCS,TCS.NS,-0.32,52.24
2022-06-01,3001.39,3030.73,2987.83,3030.73,1493835,TCS,TCS.NS,-0.27,42.89
2022-06-02,3062.04,3070.09,2993.42,3001.21,2657939,TCS,TCS.NS,2.02,76.66
2022-06-03,3077.38,3110.61,3069.37,3094.6,1913622,TCS,TCS.NS,0.5,41.24
2022-06-06,3069.15,3088.87,3021.02,3057.56,1084210,TCS,TCS.NS,-0.27,67.85
2022-06-07,3008.09,3058.32,3002.1,3042.4,2308256,TCS,TCS.NS,-1.99,56.22
2022-06-08,3045.17,3053.94,2993.6,3023.7,2185707,TCS,TCS.NS,1.23,60.34
2022-06-09,3065.7,3074.56,2999.51,3028.04,1279197,TCS,TCS.NS,0.67,75.05
2022-06-10,3005.59,3035.2,2998.52,3025.36,1527582,TCS,TCS.NS,-1.96,36.68
2022-06-13,2880.08,2945.74,2855.8,2943.06,3030921,TCS,TCS.NS,-4.18,89.95
2022-06-14,2871.99,2897.35,2839.92,2853.61,2611493,TCS,TCS.NS,-0.28,57.43
2022-06-15,2868.19,2892.97,2863.45,2879.1,1404536,TCS,TCS.NS,-0.13,29.52
2022-06-16,2810.67,2902.67,2802.66,2898.33,2032028,TCS,TCS.NS,-2.01,100.01
2022-06-17,2763.17,2789.87,2704.98,2765.94,5240434,TCS,TCS.NS,-1.69,84.89
2022-06-20,2784.19,2807.76,2745.37,2767.73,1502769,TCS,TCS.NS,0.76,62.39
2022-06-21,2873.24,2896.32,2795.82,2799.93,2964461,TCS,TCS.NS,3.2,100.5
2022-06-22,2883.08,2907.77,2847.34,2862.46,3336315,TCS,TCS.NS,0.34,60.43
2022-06-23,2959.88,2968.11,2883.08,2883.08,3692578,TCS,TCS.NS,2.66,85.03
2022-06-24,2945.84,2992.26,2931.88,2986.89,2132118,TCS,TCS.NS,-0.47,60.38
2022-06-27,2965.16,3008.27,2957.82,2996.73,2037686,TCS,TCS.NS,0.66,50.45
2022-06-28,2968.24,2978.84,2927.5,2958.27,1400046,TCS,TCS.NS,0.1,51.35
2022-06-29,2943.51,2981.53,2926.07,2926.07,2133994,TCS,TCS.NS,-0.83,55.46
2022-06-30,2922.58,2961.76,2911.75,2926.96,2719603,TCS,TCS.NS,-0.71,50.01
2022-07-01,2965.51,2981.53,2909.11,2916.23,1502879,TCS,TCS.NS,1.47,72.41
2022-07-04,2893.91,2968.06,2884.96,2962.74,2622535,TCS,TCS.NS,-2.41,83.1
2022-07-05,2877.13,2926.96,2868.77,2911.75,2170627,TCS,TCS.NS,-0.58,58.19
2022-07-06,2916.9,2923.83,2864.56,2879.1,2182144,TCS,TCS.NS,1.38,59.26
2022-07-07,2941.14,2969.36,2920.74,2926.07,1989921,TCS,TCS.NS,0.83,48.62
2022-07-08,2921.1,2956.48,2907.28,2952.01,2136916,TCS,TCS.NS,-0.68,49.2
2022-07-11,2785.44,2884.92,2778.46,2868.05,6974600,TCS,TCS.NS,-4.64,106.45
2022-07-12,2759.41,2805.48,2755.43,2786.43,3734815,TCS,TCS.NS,-0.93,50.05
2022-07-13,2718.31,2782.04,2714.95,2776.68,3863530,TCS,TCS.NS,-1.49,67.09
2022-07-14,2689.61,2741.85,2661.13,2740.95,4764908,TCS,TCS.NS,-1.06,80.72
2022-07-15,2685.88,2716.65,2648.57,2707.36,4574806,TCS,TCS.NS,-0.14,68.08
2022-07-18,2747.68,2759.74,2703.55,2711.36,3202795,TCS,TCS.NS,2.3,56.19
2022-07-19,2757.32,2761.54,2717.68,2717.68,1865074,TCS,TCS.NS,0.35,43.86
2022-07-20,2838.54,2844.95,2778.67,2787.41,3402251,TCS,TCS.NS,2.95,66.28
2022-07-21,2849.75,2855.76,2819.93,2840.51,2420640,TCS,TCS.NS,0.39,35.83
2022-07-22,2844.1,2867.42,2819.43,2856.65,2075886,TCS,TCS.NS,-0.2,47.98
2022-07-25,2840.29,2857.95,2824.46,2838.72,1797504,TCS,TCS.NS,-0.13,33.5
2022-07-26,2794.68,2842.21,2777.28,2838.45,2639367,TCS,TCS.NS,-1.61,64.94
2022-07-27,2860.11,2864.82,2789.39,2793.87,1389808,TCS,TCS.NS,2.34,75.43
2022-07-28,2924.37,2927.51,2871.59,2884.46,2106333,TCS,TCS.NS,2.25,55.92
2022-07-29,2961.5,2975.32,2937.38,2950.83,2430257,TCS,TCS.NS,1.27,37.94
2022-08-01,2958.72,2984.02,2933.79,2984.02,1306913,TCS,TCS.NS,-0.09,50.23
2022-08-02,2952.44,2971.37,2934.37,2950.83,1269114,TCS,TCS.NS,-0.21,37.0
2022-08-03,2995.23,3003.75,2939.22,2941.86,2895824,TCS,TCS.NS,1.45,64.53
2022-08-04,3009.08,3038.64,2966.39,3004.64,2150567,TCS,TCS.NS,0.46,72.25
2022-08-05,3018.14,3028.86,3009.13,3014.69,1106933,TCS,TCS.NS,0.3,19.73
2022-08-08,3026.57,3030.56,2992.09,3018.1,1068836,TCS,TCS.NS,0.28,38.48
2022-08-10,3008.46,3036.04,2991.19,3036.04,1878359,TCS,TCS.NS,-0.6,44.85
2022-08-11,3069.67,3075.23,3027.11,3049.49,1449248,TCS,TCS.NS,2.03,48.12
2022-08-12,3050.88,3066.53,3032.67,3066.53,1472354,TCS,TCS.NS,-0.61,33.86
2022-08-16,3042.94,3062.81,3038.28,3059.36,839942,TCS,TCS.NS,-0.26,24.53
2022-08-17,3050.48,3065.59,3023.57,3036.13,1622326,TCS,TCS.NS,0.25,42.02
2022-08-18,3032.67,3042.31,3015.41,3040.52,1430659,TCS,TCS.NS,-0.58,26.91
2022-08-19,3036.71,3068.77,3023.7,3037.83,1398410,TCS,TCS.NS,0.13,45.07
2022-08-22,3008.73,3035.23,3002.31,3018.1,1536532,TCS,TCS.NS,-0.92,32.92
2022-08-23,2945.99,2997.38,2932.89,2977.69,1849256,TCS,TCS.NS,-2.09,64.49
2022-08-24,2919.75,2966.97,2915.13,2952.62,1691923,TCS,TCS.NS,-0.89,51.84
2022-08-25,2886.43,2940.2,2883.34,2938.27,1946930,TCS,TCS.NS,-1.14,56.86
2022-08-26,2890.02,2921.23,2885.18,2900.87,1457962,TCS,TCS.NS,0.12,36.06
2022-08-29,2809.61,2818.72,2763.38,2802.84,2539173,TCS,TCS.NS,-2.78,55.34
2022-08-30,2880.11,2893.88,2818.18,2829.75,3431525,TCS,TCS.NS,2.51,75.7
2022-09-01,2808.85,2861.14,2799.25,2861.14,3546935,TCS,TCS.NS,-2.47,61.89
2022-09-02,2807.68,2836.92,2798.62,2836.92,2052900,TCS,TCS.NS,-0.04,38.3
2022-09-05,2810.37,2823.42,2791.4,2801.63,2147912,TCS,TCS.NS,0.1,32.02
2022-09-06,2804.68,2817.06,2786.11,2812.26,1936453,TCS,TCS.NS,-0.2,30.94
2022-09-07,2824.9,2835.94,2782.21,2782.21,1291534,TCS,TCS.NS,0.72,53.72
2022-09-08,2842.89,2855.31,2834.32,2843.2,1346113,TCS,TCS.NS,0.64,20.99
2022-09-09,2885.94,2900.16,2841.86,2865.62,1561185,TCS,TCS.NS,1.51,58.3
2022-09-12,2908.63,2932.71,2892.53,2905.89,1785928,TCS,TCS.NS,0.79,40.18
2022-09-13,2896.43,2927.02,2892.53,2927.02,1972678,TCS,TCS.NS,-0.42,34.49
2022-09-14,2798.71,2817.55,2792.79,2811.81,5090269,TCS,TCS.NS,-3.37,24.75
2022-09-15,2784.32,2814.28,2780.42,2807.32,2138023,TCS,TCS.NS,-0.51,33.86
2022-09-16,2698.53,2775.35,2690.73,2758.89,5322221,TCS,TCS.NS,-3.08,84.62
2022-09-19,2716.56,2728.4,2679.78,2723.02,2072220,TCS,TCS.NS,0.67,48.61
2022-09-20,2726.87,2762.43,2717.63,2735.57,1544295,TCS,TCS.NS,0.38,44.8
2022-09-21,2691.8,2727.86,2689.07,2715.84,2253818,TCS,TCS.NS,-1.29,38.79
2022-09-22,2697.36,2717.59,2672.16,2681.76,2017983,TCS,TCS.NS,0.21,45.43
2022-09-23,2674.63,2710.91,2671.89,2694.31,2652374,TCS,TCS.NS,-0.84,39.02
2022-09-26,2685.7,2713.91,2624.45,2654.72,2925489,TCS,TCS.NS,0.41,89.47
2022-09-27,2706.38,2713.15,2669.2,2699.16,2227447,TCS,TCS.NS,0.77,43.95
2022-09-28,2722.7,2735.53,2672.79,2672.79,2739767,TCS,TCS.NS,0.6,62.74
2022-09-29,2688.3,2740.82,2681.76,2739.16,2493902,TCS,TCS.NS,-1.26,59.06
2022-09-30,2694.81,2708.4,2645.97,2682.52,2817353,TCS,TCS.NS,0.24,62.42
2022-10-03,2677.23,2709.29,2667.41,2686.24,1763331,TCS,TCS.NS,-0.65,41.89
2022-10-04,2772.48,2778.62,2711.36,2717.59,2145875,TCS,TCS.NS,3.56,67.27
2022-10-06,2782.17,2801.94,2773.65,2790.28,1790816,TCS,TCS.NS,0.35,28.3
2022-10-07,2748.94,2784.9,2742.84,2778.09,1939879,TCS,TCS.NS,-1.19,42.06
2022-10-10,2797.05,2804.63,2695.21,2699.7,3064063,TCS,TCS.NS,1.75,109.42
2022-10-11,2753.11,2820.78,2738.58,2780.42,4730645,TCS,TCS.NS,-1.57,82.2
2022-10-12,2781.09,2789.3,2746.38,2766.87,1665247,TCS,TCS.NS,1.02,42.92
2022-10-13,2783.38,2789.39,2737.68,2781.09,2054781,TCS,TCS.NS,0.08,51.71
2022-10-14,2779.65,2825.26,2754.41,2820.78,2245977,TCS,TCS.NS,-0.13,70.86
2022-10-17,2798.18,2813.15,2761.94,2763.02,1517005,TCS,TCS.NS,0.67,51.21
2022-10-18,2827.81,2837.39,2813.29,2832.57,1793722,TCS,TCS.NS,1.06,24.1
2022-10-19,2807.26,2840.67,2798.4,2840.67,1194289,TCS,TCS.NS,-0.73,42.26
2022-10-20,2839.14,2841.57,2792.11,2792.11,1587601,TCS,TCS.NS,1.14,49.46
2022-10-21,2821.24,2841.93,2811.89,2839.59,1021913,TCS,TCS.NS,-0.63,30.03
2022-10-24,2843.1,2857.75,2837.07,2850.65,260949,TCS,TCS.NS,0.77,20.68
2022-10-25,2843.46,2863.37,2833.61,2860.0,2069643,TCS,TCS.NS,0.01,29.76
2022-10-27,2839.23,2854.16,2818.5,2842.2,2438421,TCS,TCS.NS,-0.15,35.65
2022-10-28,2844.49,2858.2,2828.08,2832.57,1355739,TCS,TCS.NS,0.19,30.12
2022-10-31,2871.38,2876.64,2857.57,2876.64,1919414,TCS,TCS.NS,0.95,19.06
2022-11-01,2931.22,2933.83,2880.64,2890.58,2991060,TCS,TCS.NS,2.08,53.19
2022-11-02,2915.03,2940.48,2897.36,2940.48,1405955,TCS,TCS.NS,-0.55,43.12
2022-11-03,2883.61,2902.76,2873.04,2902.76,1422652,TCS,TCS.NS,-1.08,29.72
2022-11-04,2893.18,2895.57,2847.1,2892.82,1464013,TCS,TCS.NS,0.33,48.47
2022-11-07,2907.84,2916.02,2873.13,2903.61,1474498,TCS,TCS.NS,0.51,42.89
2022-11-09,2891.97,2922.32,2879.02,2922.32,1162267,TCS,TCS.NS,-0.55,43.3
2022-11-10,2882.62,2900.02,2850.56,2850.56,1573092,TCS,TCS.NS,-0.32,49.46
2022-11-11,2981.8,3004.87,2927.04,2940.12,3265394,TCS,TCS.NS,3.44,77.83
2022-11-14,2999.38,3011.52,2975.55,2989.04,1342074,TCS,TCS.NS,0.59,35.97
2022-11-15,2996.77,3003.38,2960.27,2986.34,1400708,TCS,TCS.NS,-0.09,43.12
2022-11-16,3017.23,3028.52,2986.75,3002.44,1748235,TCS,TCS.NS,0.68,41.77
2022-11-17,3011.52,3021.41,2983.42,3003.43,1417986,TCS,TCS.NS,-0.19,37.99
2022-11-18,3006.53,3023.89,2986.34,3012.42,1164540,TCS,TCS.NS,-0.17,37.54
2022-11-21,2952.62,2997.76,2943.18,2987.69,1304194,TCS,TCS.NS,-1.79,54.58
2022-11-22,2980.9,2984.5,2927.22,2949.48,1149739,TCS,TCS.NS,0.96,57.28
2022-11-23,2974.92,2994.44,2959.37,2994.44,1150011,TCS,TCS.NS,-0.2,35.07
2022-11-24,3039.53,3051.04,2974.92,2982.07,1296591,TCS,TCS.NS,2.17,76.12
2022-11-25,3048.08,3060.4,3010.62,3042.1,1588981,TCS,TCS.NS,0.28,49.77
2022-11-28,3053.11,3072.67,3026.4,3026.81,2195437,TCS,TCS.NS,0.17,46.27
2022-11-29,3055.0,3083.46,3042.1,3042.1,1576028,TCS,TCS.NS,0.06,41.36
2022-11-30,3049.11,3070.78,3034.9,3042.09,3410702,TCS,TCS.NS,-0.19,35.88
2022-12-01,3125.41,3129.32,3075.37,3079.86,2180856,TCS,TCS.NS,2.5,53.95
2022-12-02,3092.59,3119.34,3069.07,3109.63,2411749,TCS,TCS.NS,-1.05,50.27
2022-12-05,3080.67,3092.59,3063.68,3087.06,1475065,TCS,TCS.NS,-0.39,28.91
2022-12-06,3044.21,3064.53,3028.61,3057.43,1166999,TCS,TCS.NS,-1.18,35.92
2022-12-07,3039.94,3051.72,3016.02,3028.88,1167505,TCS,TCS.NS,-0.14,35.7
2022-12-08,3012.92,3039.94,3002.93,3021.41,1285619,TCS,TCS.NS,-0.89,37.0
2022-12-09,2960.94,3034.09,2946.19,3034.09,1797896,TCS,TCS.NS,-1.73,87.9
2022-12-12,2955.27,2963.86,2910.0,2927.44,1527610,TCS,TCS.NS,-0.19,53.86
2022-12-13,2996.33,3000.24,2938.5,2946.96,1378016,TCS,TCS.NS,1.39,61.73
2022-12-14,3026.22,3036.7,3004.24,3011.34,1213311,TCS,TCS.NS,1.0,32.46
2022-12-15,2972.05,3025.68,2966.52,3020.33,1415694,TCS,TCS.NS,-1.79,59.17
2022-12-16,2913.73,2960.27,2900.2,2944.98,2703680,TCS,TCS.NS,-1.96,60.07
2022-12-19,2879.38,2918.45,2872.59,2901.82,2120965,TCS,TCS.NS,-1.18,45.86
2022-12-20,2917.06,2921.6,2844.85,2876.55,1529971,TCS,TCS.NS,1.31,76.75
2022-12-21,2939.18,2952.22,2913.51,2921.6,1432566,TCS,TCS.NS,0.76,38.71
2022-12-22,2931.22,2962.06,2918.09,2962.06,1384101,TCS,TCS.NS,-0.27,43.97
2022-12-23,2903.03,2937.65,2892.82,2892.82,1360281,TCS,TCS.NS,-0.96,44.83
2022-12-26,2925.11,2942.28,2900.06,2903.03,870157,TCS,TCS.NS,0.76,42.22
2022-12-27,2931.04,2943.9,2905.86,2939.76,835883,TCS,TCS.NS,0.2,38.04
2022-12-28,2928.88,2936.98,2900.92,2922.32,910795,TCS,TCS.NS,-0.07,36.06
2022-12-29,2939.36,2941.83,2902.71,2905.5,1037927,TCS,TCS.NS,0.36,39.12
2022-12-30,2928.52,2966.56,2919.08,2954.92,1163131,TCS,TCS.NS,-0.37,47.48
2023-01-02,2932.79,2937.65,2909.19,2932.39,709547,TCS,TCS.NS,0.15,28.46
2023-01-03,2977.67,2985.44,2918.27,2924.3,1245178,TCS,TCS.NS,1.53,67.17
2023-01-04,2980.63,2992.05,2955.05,2973.48,1231668,TCS,TCS.NS,0.1,37.0
2023-01-05,2977.44,3001.0,2951.23,2994.62,1826057,TCS,TCS.NS,-0.11,49.77
2023-01-06,2887.92,2968.85,2877.54,2967.46,2488376,TCS,TCS.NS,-3.01,91.32
2023-01-09,2985.4,2991.74,2896.55,2903.61,2885060,TCS,TCS.NS,3.38,95.18
2023-01-10,2955.23,2965.66,2904.6,2953.97,3864655,TCS,TCS.NS,-1.01,61.06
2023-01-11,2993.27,3011.97,2941.52,2958.56,2720512,TCS,TCS.NS,1.29,70.45
2023-01-12,2998.35,3012.42,2981.44,2993.54,2250391,TCS,TCS.NS,0.17,30.98
2023-01-13,3034.5,3038.5,2971.95,3006.04,1742837,TCS,TCS.NS,1.21,66.54
2023-01-16,3066.23,3083.65,3033.12,3050.55,1843607,TCS,TCS.NS,1.05,50.54
2023-01-17,3107.01,3110.14,3054.22,3062.5,1688475,TCS,TCS.NS,1.33,55.92
2023-01-18,3117.68,3135.11,3101.36,3108.48,2421189,TCS,TCS.NS,0.34,33.75
2023-01-19,3102.14,3114.92,3091.01,3108.48,1585044,TCS,TCS.NS,-0.5,23.91
2023-01-20,3092.94,3121.96,3086.04,3094.69,1529349,TCS,TCS.NS,-0.3,35.91
2023-01-23,3140.58,3144.35,3086.05,3115.84,1067916,TCS,TCS.NS,1.54,58.31
2023-01-24,3160.26,3174.65,3142.79,3149.87,1387863,TCS,TCS.NS,0.63,31.87
2023-01-25,3154.24,3159.07,3131.48,3150.15,874110,TCS,TCS.NS,-0.19,27.59
2023-01-27,3137.04,3169.18,3110.6,3150.79,1785879,TCS,TCS.NS,-0.55,58.58
2023-01-30,3157.82,3180.63,3113.59,3145.27,1953798,TCS,TCS.NS,0.66,67.04
2023-01-31,3088.9,3171.94,3081.81,3171.94,2820375,TCS,TCS.NS,-2.18,90.13
2023-02-01,3134.56,3144.35,3085.49,3092.85,2205161,TCS,TCS.NS,1.48,58.86
2023-02-02,3182.43,3190.33,3145.36,3151.71,1813847,TCS,TCS.NS,1.53,44.97
2023-02-03,3202.57,3222.52,3175.53,3222.52,1804469,TCS,TCS.NS,0.63,47.0
2023-02-06,3182.01,3194.15,3160.77,3194.15,1138714,TCS,TCS.NS,-0.64,33.38
2023-02-07,3193.6,3212.41,3183.35,3190.24,1455647,TCS,TCS.NS,0.36,29.06
2023-02-08,3237.33,3255.54,3198.66,3198.66,1986946,TCS,TCS.NS,1.37,56.88
2023-02-09,3256.41,3262.62,3223.72,3232.64,1655427,TCS,TCS.NS,0.59,38.9
2023-02-10,3253.38,3257.79,3226.34,3237.24,1187821,TCS,TCS.NS,-0.09,31.45
2023-02-13,3202.66,3263.91,3194.38,3263.91,1087939,TCS,TCS.NS,-1.56,69.53
2023-02-14,3218.94,3241.7,3214.25,3223.44,1579818,TCS,TCS.NS,0.51,27.45
2023-02-15,3237.84,3242.76,3182.2,3206.89,1429449,TCS,TCS.NS,0.59,60.56
2023-02-16,3272.23,3287.82,3243.68,3243.86,1618931,TCS,TCS.NS,1.06,44.14
2023-02-17,3219.9,3254.62,3209.65,3242.89,1061369,TCS,TCS.NS,-1.6,44.97
2023-02-20,3207.16,3239.08,3195.9,3220.68,1296082,TCS,TCS.NS,-0.4,43.18
2023-02-21,3173.78,3227.03,3168.03,3213.33,1139541,TCS,TCS.NS,-1.04,59.0
2023-02-22,3128.3,3170.1,3122.28,3140.63,1218430,TCS,TCS.NS,-1.43,47.82
2023-02-23,3139.57,3175.07,3134.23,3146.19,1441570,TCS,TCS.NS,0.36,40.83
2023-02-24,3127.29,3158.1,3110.6,3147.57,977592,TCS,TCS.NS,-0.39,47.5
2023-02-27,3064.2,3117.68,3049.63,3117.68,1128022,TCS,TCS.NS,-2.02,68.06
2023-02-28,3046.73,3119.52,3034.82,3061.12,4116217,TCS,TCS.NS,-0.57,84.7
2023-03-01,3113.73,3116.76,3048.71,3056.06,1669307,TCS,TCS.NS,2.2,68.06
2023-03-02,3054.64,3099.2,3051.46,3091.01,1556538,TCS,TCS.NS,-1.9,47.73
2023-03-03,3073.67,3088.25,3063.51,3084.57,1043190,TCS,TCS.NS,0.62,24.74
2023-03-06,3100.99,3131.43,3089.17,3091.84,1334132,TCS,TCS.NS,0.89,42.26
2023-03-08,3118.05,3123.2,3063.28,3093.77,1844590,TCS,TCS.NS,0.55,59.92
2023-03-09,3068.8,3113.08,3063.28,3113.08,1648500,TCS,TCS.NS,-1.58,49.8
2023-03-10,3063.42,3069.17,3025.71,3046.77,1024404,TCS,TCS.NS,-0.18,43.45
2023-03-13,3018.31,3099.1,3009.16,3065.26,1901233,TCS,TCS.NS,-1.47,89.94
2023-03-14,2956.69,3038.96,2951.59,3016.52,2670334,TCS,TCS.NS,-2.04,87.37
2023-03-15,2941.93,2998.45,2935.59,2988.93,1780522,TCS,TCS.NS,-0.5,62.86
2023-03-16,2929.15,2961.15,2917.19,2950.3,1901060,TCS,TCS.NS,-0.43,43.96
2023-03-17,2923.91,2962.62,2891.44,2897.42,6739966,TCS,TCS.NS,-0.18,71.18
2023-03-20,2890.8,2915.03,2846.42,2915.03,2289468,TCS,TCS.NS,-1.13,68.61
2023-03-21,2856.59,2903.17,2848.63,2890.8,1815297,TCS,TCS.NS,-1.18,54.54
2023-03-22,2879.3,2890.98,2856.59,2878.61,1123939,TCS,TCS.NS,0.8,34.4
2023-03-23,2873.65,2893.6,2851.9,2864.68,1372218,TCS,TCS.NS,-0.2,41.71
2023-03-24,2869.83,2915.35,2856.5,2895.95,1329577,TCS,TCS.NS,-0.13,58.86
2023-03-27,2871.49,2899.49,2856.49,2883.16,1524217,TCS,TCS.NS,0.06,42.99
2023-03-28,2865.6,2896.55,2860.31,2875.81,1303530,TCS,TCS.NS,-0.2,36.24
2023-03-29,2886.75,2896.96,2854.75,2877.65,1740616,TCS,TCS.NS,0.74,42.21
2023-03-31,2948.37,2954.9,2898.8,2933.7,2382581,TCS,TCS.NS,2.13,56.1
2023-04-03,2942.94,2965.89,2918.8,2965.89,1521830,TCS,TCS.NS,-0.18,47.09
2023-04-05,2979.55,3002.12,2929.61,2929.61,2655065,TCS,TCS.NS,1.24,72.52
2023-04-06,2961.98,2995.69,2956.74,2965.94,1703464,TCS,TCS.NS,-0.59,38.95
2023-04-10,3001.25,3009.16,2956.74,2961.34,2203187,TCS,TCS.NS,1.33,52.42
2023-04-11,2955.64,3010.03,2935.72,3001.8,2348779,TCS,TCS.NS,-1.52,74.31
2023-04-12,2981.25,2999.0,2942.02,2968.65,2417727,TCS,TCS.NS,0.87,56.97
2023-04-13,2932.69,2970.53,2924.55,2952.14,4174070,TCS,TCS.NS,-1.63,45.98
2023-04-17,2887.3,2909.28,2823.62,2882.34,5505048,TCS,TCS.NS,-1.55,85.67
2023-04-18,2879.26,2903.26,2860.73,2901.51,2617302,TCS,TCS.NS,-0.28,42.53
2023-04-19,2841.41,2887.76,2824.77,2879.26,3298034,TCS,TCS.NS,-1.31,63.0
2023-04-20,2855.39,2862.93,2830.74,2841.78,2419999,TCS,TCS.NS,0.49,32.19
2023-04-21,2906.94,2910.25,2851.71,2860.17,1929184,TCS,TCS.NS,1.81,58.54
2023-04-24,2919.77,2925.42,2875.03,2897.97,1640676,TCS,TCS.NS,0.44,50.4
2023-04-25,2920.87,2934.85,2894.66,2927.31,2024090,TCS,TCS.NS,0.04,40.19
2023-04-26,2941.24,2950.67,2925.47,2925.47,2000029,TCS,TCS.NS,0.7,25.2
2023-04-27,2931.86,2942.21,2915.95,2929.15,2434446,TCS,TCS.NS,-0.32,26.26
2023-04-28,2960.65,2968.0,2939.5,2943.31,2931312,TCS,TCS.NS,0.98,28.51
2023-05-02,2960.78,2975.13,2952.14,2975.13,2321159,TCS,TCS.NS,0.0,22.99
2023-05-03,2924.46,2957.66,2918.25,2957.66,2468285,TCS,TCS.NS,-1.23,39.41
2023-05-04,2961.98,2965.43,2922.71,2924.69,1953253,TCS,TCS.NS,1.28,42.72
2023-05-05,2971.18,2983.41,2952.19,2961.34,1710027,TCS,TCS.NS,0.31,31.22
2023-05-08,2989.48,2993.39,2971.73,2984.33,928235,TCS,TCS.NS,0.62,21.66
2023-05-09,3019.51,3033.07,2985.25,2991.32,1107375,TCS,TCS.NS,1.0,47.82
2023-05-10,3022.77,3040.89,3003.69,3025.71,1559987,TCS,TCS.NS,0.11,37.2
2023-05-11,3018.49,3043.83,3009.16,3043.19,1719623,TCS,TCS.NS,-0.14,34.67
2023-05-12,3011.28,3025.71,2998.12,3015.74,1027479,TCS,TCS.NS,-0.24,27.59
2023-05-15,2993.57,3027.55,2987.41,3020.2,1150390,TCS,TCS.NS,-0.59,40.14
2023-05-16,2996.42,3021.12,2989.34,2994.63,986306,TCS,TCS.NS,0.1,31.77
2023-05-17,2950.94,3016.52,2941.33,2994.4,1588815,TCS,TCS.NS,-1.52,75.18
2023-05-18,2942.81,2969.57,2938.35,2966.81,1369364,TCS,TCS.NS,-0.28,31.22
2023-05-19,2963.96,2974.67,2945.75,2952.14,1152449,TCS,TCS.NS,0.72,28.92
2023-05-22,3033.72,3042.68,2958.62,2970.53,1333243,TCS,TCS.NS,2.35,84.06
2023-05-23,3032.2,3060.62,3025.81,3040.43,1687418,TCS,TCS.NS,-0.05,34.81
2023-05-24,3037.99,3050.73,3012.84,3012.84,1016555,TCS,TCS.NS,0.19,37.89
2023-05-25,3028.93,3040.43,3004.65,3029.39,1374917,TCS,TCS.NS,-0.3,35.78
2023-05-26,3061.49,3070.46,3026.63,3028.93,1791115,TCS,TCS.NS,1.07,43.82
2023-05-29,3053.63,3101.13,3045.95,3090.83,1210372,TCS,TCS.NS,-0.26,55.18
2023-05-30,3049.81,3059.7,3036.15,3048.71,1344224,TCS,TCS.NS,-0.13,23.54
2023-05-31,3025.25,3060.39,3002.86,3043.19,5815424,TCS,TCS.NS,-0.81,57.53
2023-06-01,3056.98,3071.7,3032.61,3047.79,1177314,TCS,TCS.NS,1.05,39.09
2023-06-02,3040.06,3067.93,3032.57,3059.05,2030661,TCS,TCS.NS,-0.55,35.36
2023-06-05,3024.7,3059.74,3021.16,3048.71,1861468,TCS,TCS.NS,-0.51,38.58
2023-06-06,2972.65,3024.66,2961.89,3016.52,2022849,TCS,TCS.NS,-1.72,62.77
2023-06-07,3011.83,3015.46,2980.65,2991.69,1567196,TCS,TCS.NS,1.32,34.81
2023-06-08,2976.47,3007.32,2973.29,2999.04,1759366,TCS,TCS.NS,-1.17,34.03
2023-06-09,2951.5,2988.93,2947.86,2984.33,1775689,TCS,TCS.NS,-0.84,41.06
2023-06-12,2986.08,2992.97,2953.06,2956.74,2324605,TCS,TCS.NS,1.17,39.91
2023-06-13,2983.13,3002.72,2978.81,2998.12,1371928,TCS,TCS.NS,-0.1,23.91
2023-06-14,2989.89,2994.31,2966.72,2983.13,1658544,TCS,TCS.NS,0.23,27.59
2023-06-15,2979.93,3008.79,2974.1,3006.8,2273810,TCS,TCS.NS,-0.33,34.7
2023-06-16,2941.58,2964.27,2924.06,2962.05,4156189,TCS,TCS.NS,-1.29,40.21
2023-06-19,2974.47,2978.64,2941.67,2955.57,1468186,TCS,TCS.NS,1.12,36.97
2023-06-20,2990.5,2994.94,2965.8,2977.8,1528452,TCS,TCS.NS,0.54,29.14
2023-06-21,3018.75,3021.72,2987.02,3011.16,1645987,TCS,TCS.NS,0.94,34.7
2023-06-22,3000.5,3027.51,2992.72,3020.42,1529603,TCS,TCS.NS,-0.6,34.79
2023-06-23,2979.98,3010.6,2973.31,2999.39,1119505,TCS,TCS.NS,-0.68,37.29
2023-06-26,2955.24,2977.71,2939.82,2969.46,1978803,TCS,TCS.NS,-0.83,37.89
2023-06-27,2962.38,2973.77,2948.43,2966.68,863542,TCS,TCS.NS,0.24,25.34
2023-06-28,2979.15,2993.51,2958.72,2972.24,1575872,TCS,TCS.NS,0.57,34.79
2023-06-30,3059.57,3066.75,2977.89,2983.36,2672406,TCS,TCS.NS,2.7,88.85
2023-07-03,3031.82,3074.9,3028.53,3070.73,1687264,TCS,TCS.NS,-0.91,46.37
2023-07-04,3065.68,3071.38,3036.45,3048.22,1656681,TCS,TCS.NS,1.12,34.93
2023-07-05,3075.97,3084.35,3062.11,3076.01,1453008,TCS,TCS.NS,0.34,22.24
2023-07-06,3078.7,3083.84,3059.33,3063.55,1848238,TCS,TCS.NS,0.09,24.51
2023-07-07,3084.58,3110.2,3059.33,3059.33,1789326,TCS,TCS.NS,0.19,50.87
2023-07-10,3031.49,3080.41,3025.24,3080.41,1407431,TCS,TCS.NS,-1.72,55.17
2023-07-11,3031.91,3052.85,3021.16,3052.85,1110172,TCS,TCS.NS,0.01,31.69
2023-07-12,3020.33,3047.43,3011.25,3039.83,1515240,TCS,TCS.NS,-0.38,36.18
2023-07-13,3095.05,3119.98,3032.23,3042.66,4585146,TCS,TCS.NS,2.47,87.74
2023-07-14,3256.36,3265.81,3105.66,3117.71,6306101,TCS,TCS.NS,5.21,160.15
2023-07-17,3235.09,3289.02,3221.52,3252.05,2743228,TCS,TCS.NS,-0.65,67.5
2023-07-18,3239.86,3265.02,3210.36,3220.55,2600090,TCS,TCS.NS,0.15,54.66
2023-07-19,3215.03,3258.4,3192.43,3242.78,2405370,TCS,TCS.NS,-0.77,65.97
2023-07-20,3217.12,3231.62,3191.81,3207.65,1715404,TCS,TCS.NS,0.07,39.8
2023-07-21,3128.88,3190.74,3120.28,3162.09,3770223,TCS,TCS.NS,-2.74,70.46
2023-07-24,3153.45,3170.82,3132.41,3140.67,1680132,TCS,TCS.NS,0.79,38.41
2023-07-25,3157.53,3164.64,3139.93,3156.0,1272980,TCS,TCS.NS,0.13,24.71
2023-07-26,3147.46,3177.69,3144.39,3158.65,1066803,TCS,TCS.NS,-0.32,33.3
2023-07-27,3155.44,3169.15,3144.44,3153.63,1701769,TCS,TCS.NS,0.25,24.71
2023-07-28,3116.89,3152.47,3094.23,3144.39,2599831,TCS,TCS.NS,-1.22,58.24
2023-07-31,3178.25,3183.08,3122.0,3125.25,2743678,TCS,TCS.NS,1.97,61.08
2023-08-01,3206.67,3214.06,3172.26,3172.26,1956167,TCS,TCS.NS,0.89,41.8
2023-08-02,3196.08,3201.43,3170.96,3190.79,1914899,TCS,TCS.NS,-0.33,30.47
2023-08-03,3158.28,3189.21,3128.6,3176.9,2026351,TCS,TCS.NS,-1.18,60.61
2023-08-04,3198.78,3224.28,3159.49,3159.49,2248493,TCS,TCS.NS,1.28,64.79
2023-08-07,3236.4,3240.07,3196.64,3208.44,1853889,TCS,TCS.NS,1.18,43.43
2023-08-08,3223.91,3241.88,3210.9,3236.4,1634225,TCS,TCS.NS,-0.39,30.98
2023-08-09,3216.38,3220.56,3181.59,3218.61,1794589,TCS,TCS.NS,-0.23,38.97
2023-08-10,3197.43,3218.61,3186.24,3204.77,1096701,TCS,TCS.NS,-0.59,32.37
2023-08-11,3203.66,3220.24,3171.33,3193.72,1679974,TCS,TCS.NS,0.19,48.91
2023-08-14,3204.63,3209.41,3168.54,3196.13,1190425,TCS,TCS.NS,0.03,40.87
2023-08-16,3212.57,3219.63,3191.02,3204.77,1328445,TCS,TCS.NS,0.25,28.61
2023-08-17,3191.53,3214.8,3170.59,3209.41,1843241,TCS,TCS.NS,-0.65,44.22
2023-08-18,3127.76,3167.61,3117.92,3167.61,2526749,TCS,TCS.NS,-2.0,49.7
2023-08-21,3159.86,3167.38,3132.31,3135.1,1375579,TCS,TCS.NS,1.03,35.07
2023-08-22,3141.74,3168.54,3125.86,3158.32,1222012,TCS,TCS.NS,-0.57,42.68
2023-08-23,3156.7,3160.18,3136.03,3147.18,1330046,TCS,TCS.NS,0.48,24.15
2023-08-24,3146.95,3170.45,3137.98,3165.76,1152881,TCS,TCS.NS,-0.31,32.47
2023-08-25,3140.95,3145.13,3112.11,3135.1,1158046,TCS,TCS.NS,-0.19,33.02
2023-08-28,3135.61,3152.75,3121.26,3152.75,1037485,TCS,TCS.NS,-0.17,31.49
2023-08-29,3136.17,3148.62,3125.81,3140.72,944517,TCS,TCS.NS,0.02,22.81
2023-08-30,3149.92,3165.85,3142.58,3156.47,1188200,TCS,TCS.NS,0.44,23.27
2023-08-31,3118.2,3174.49,3105.98,3159.25,3417652,TCS,TCS.NS,-1.01,68.51
2023-09-01,3139.0,3148.11,3118.19,3126.74,1277950,TCS,TCS.NS,0.67,29.91
2023-09-04,3175.51,3188.84,3130.5,3137.89,1828332,TCS,TCS.NS,1.16,58.34
2023-09-05,3185.59,3201.98,3163.11,3176.9,1501842,TCS,TCS.NS,0.32,38.88
2023-09-06,3186.1,3199.1,3156.56,3189.91,1314818,TCS,TCS.NS,0.02,42.54
2023-09-07,3209.65,3214.06,3179.04,3186.94,1885092,TCS,TCS.NS,0.74,35.02
2023-09-08,3197.25,3218.7,3190.88,3209.65,1518917,TCS,TCS.NS,-0.39,27.82
2023-09-11,3233.24,3237.93,3200.13,3215.92,1783604,TCS,TCS.NS,1.13,37.81
2023-09-12,3326.27,3334.73,3235.42,3243.78,4476016,TCS,TCS.NS,2.88,99.3
2023-09-13,3314.24,3333.75,3293.02,3317.26,1754929,TCS,TCS.NS,-0.36,40.73
2023-09-14,3307.0,3341.97,3293.57,3316.29,2604721,TCS,TCS.NS,-0.22,48.4
2023-09-15,3342.53,3350.94,3309.23,3314.24,2952897,TCS,TCS.NS,1.07,41.71
2023-09-18,3349.82,3362.04,3321.12,3325.58,1395753,TCS,TCS.NS,0.22,40.92
2023-09-20,3349.73,3367.33,3325.53,3325.53,1649396,TCS,TCS.NS,-0.0,41.8
2023-09-21,3330.45,3348.75,3277.23,3333.47,2004073,TCS,TCS.NS,-0.58,71.53
2023-09-22,3347.5,3375.46,3311.64,3329.25,1989083,TCS,TCS.NS,0.51,63.82
2023-09-25,3322.88,3362.69,3305.7,3346.43,1238778,TCS,TCS.NS,-0.74,56.99
2023-09-26,3330.82,3339.42,3284.66,3314.01,1726062,TCS,TCS.NS,0.24,54.76
2023-09-27,3334.17,3357.11,3302.96,3334.82,1541134,TCS,TCS.NS,0.1,54.16
2023-09-28,3285.35,3346.71,3276.62,3344.11,1755753,TCS,TCS.NS,-1.46,70.09
2023-09-29,3277.78,3314.8,3256.37,3285.77,2243791,TCS,TCS.NS,-0.23,58.43
2023-10-03,3264.08,3282.99,3232.73,3282.99,1948148,TCS,TCS.NS,-0.42,50.25
2023-10-04,3286.28,3295.8,3230.13,3238.49,1788138,TCS,TCS.NS,0.68,65.67
2023-10-05,3334.22,3366.4,3298.78,3301.38,2990768,TCS,TCS.NS,1.46,67.63
2023-10-06,3363.99,3376.57,3320.93,3335.75,2075691,TCS,TCS.NS,0.89,55.64
2023-10-09,3379.73,3417.49,3372.9,3385.96,4233074,TCS,TCS.NS,0.47,44.59
2023-10-10,3370.95,3388.7,3345.36,3381.31,1848148,TCS,TCS.NS,-0.26,43.33
2023-10-11,3353.3,3390.55,3348.75,3390.55,2426417,TCS,TCS.NS,-0.52,41.8
2023-10-12,3290.74,3333.56,3286.61,3320.88,4241281,TCS,TCS.NS,-1.87,46.96
2023-10-13,3317.03,3322.74,3274.44,3279.08,2890357,TCS,TCS.NS,0.8,48.3
2023-10-16,3273.56,3320.56,3268.96,3312.52,1671104,TCS,TCS.NS,-1.31,51.6
2023-10-17,3257.77,3282.94,3254.33,3279.08,1672065,TCS,TCS.NS,-0.48,28.61
2023-10-18,3239.37,3272.3,3236.35,3261.43,1408245,TCS,TCS.NS,-0.56,35.95
2023-10-19,3218.32,3238.07,3214.83,3231.22,1514545,TCS,TCS.NS,-0.65,23.24
2023-10-20,3254.55,3259.16,3207.52,3213.43,1481211,TCS,TCS.NS,1.13,51.64
2023-10-23,3175.95,3240.02,3167.71,3234.48,1106272,TCS,TCS.NS,-2.42,72.32
2023-10-25,3157.28,3189.78,3145.26,3157.65,1518537,TCS,TCS.NS,-0.59,44.52
2023-10-26,3107.59,3142.0,3101.3,3136.74,1984471,TCS,TCS.NS,-1.57,40.7
2023-10-27,3120.81,3131.11,3107.82,3119.93,1108851,TCS,TCS.NS,0.43,23.28
2023-10-30,3146.52,3150.52,3104.8,3119.93,910972,TCS,TCS.NS,0.82,45.73
2023-10-31,3137.39,3165.57,3119.98,3165.57,999811,TCS,TCS.NS,-0.29,45.59
2023-11-01,3101.91,3140.05,3083.61,3124.59,1563475,TCS,TCS.NS,-1.13,56.44
2023-11-02,3129.34,3144.1,3113.6,3113.6,1245384,TCS,TCS.NS,0.88,30.5
2023-11-03,3120.77,3155.23,3114.62,3149.73,1402598,TCS,TCS.NS,-0.27,40.61
2023-11-06,3148.1,3159.33,3128.31,3143.21,1099852,TCS,TCS.NS,0.88,31.01
2023-11-07,3138.98,3170.36,3134.83,3146.01,1191144,TCS,TCS.NS,-0.29,35.53
2023-11-08,3149.31,3168.31,3138.14,3139.91,992899,TCS,TCS.NS,0.33,30.17
2023-11-09,3117.56,3158.58,3112.53,3157.28,2112352,TCS,TCS.NS,-1.01,46.05
2023-11-10,3104.52,3117.56,3094.18,3108.75,1338557,TCS,TCS.NS,-0.42,23.38
2023-11-13,3102.75,3125.52,3098.51,3125.52,1030990,TCS,TCS.NS,-0.06,27.01
2023-11-15,3170.5,3178.6,3125.56,3150.76,2059802,TCS,TCS.NS,2.18,53.04
2023-11-16,3257.63,3286.96,3179.72,3194.48,3951984,TCS,TCS.NS,2.75,107.24
2023-11-17,3261.91,3282.45,3252.69,3257.63,2021292,TCS,TCS.NS,0.13,29.76
2023-11-20,3277.88,3291.2,3251.48,3251.48,1475621,TCS,TCS.NS,0.49,39.72
2023-11-21,3269.13,3296.0,3260.56,3277.88,1807236,TCS,TCS.NS,-0.27,35.44
2023-11-22,3287.71,3290.04,3242.03,3259.63,1798051,TCS,TCS.NS,0.57,48.01
2023-11-23,3267.31,3300.61,3259.63,3287.57,2729804,TCS,TCS.NS,-0.62,40.98
2023-11-24,3219.68,3263.87,3215.86,3254.27,1989733,TCS,TCS.NS,-1.46,48.01
2023-11-28,3231.83,3242.17,3197.23,3219.67,1689195,TCS,TCS.NS,0.38,44.94
2023-11-29,3272.43,3276.39,3237.09,3241.93,1441634,TCS,TCS.NS,1.26,39.3
2023-11-30,3248.08,3275.13,3241.93,3259.12,3266235,TCS,TCS.NS,-0.74,33.2
2023-12-01,3270.48,3275.41,3250.36,3259.63,1172141,TCS,TCS.NS,0.69,25.05
2023-12-04,3271.22,3304.15,3257.77,3301.21,1625213,TCS,TCS.NS,0.02,46.38
2023-12-05,3289.06,3295.02,3262.24,3295.02,1377656,TCS,TCS.NS,0.55,32.78
2023-12-06,3356.58,3364.73,3283.05,3289.99,1896572,TCS,TCS.NS,2.05,81.68
2023-12-07,3366.64,3381.21,3345.03,3357.42,1967653,TCS,TCS.NS,0.3,36.18
2023-12-08,3377.63,3394.67,3354.67,3383.49,1641155,TCS,TCS.NS,0.33,40.0
2023-12-11,3392.71,3402.12,3366.73,3374.09,1102503,TCS,TCS.NS,0.45,35.39
2023-12-12,3419.91,3444.4,3381.63,3389.04,2236866,TCS,TCS.NS,0.8,62.77
2023-12-13,3346.75,3399.33,3318.3,3393.32,3850968,TCS,TCS.NS,-2.14,81.03
2023-12-14,3415.39,3425.4,3378.47,3380.7,3290396,TCS,TCS.NS,2.05,46.94
2023-12-15,3595.84,3628.39,3414.88,3414.88,8531230,TCS,TCS.NS,5.28,213.51
2023-12-18,3594.16,3659.17,3567.1,3593.14,2521612,TCS,TCS.NS,-0.05,92.06
2023-12-19,3554.11,3590.34,3529.71,3580.94,2004435,TCS,TCS.NS,-1.11,60.63
2023-12-20,3520.45,3631.04,3507.87,3564.4,2586083,TCS,TCS.NS,-0.95,123.17
2023-12-21,3527.38,3545.27,3486.27,3498.28,1517562,TCS,TCS.NS,0.2,59.0
2023-12-22,3561.38,3581.82,3503.63,3539.03,2413058,TCS,TCS.NS,0.96,78.18
2023-12-26,3534.88,3570.69,3529.85,3557.51,1285231,TCS,TCS.NS,-0.74,40.84
2023-12-27,3549.46,3555.98,3509.22,3538.09,1293976,TCS,TCS.NS,0.41,46.75
2023-12-28,3538.93,3574.42,3531.67,3561.38,1682889,TCS,TCS.NS,-0.3,42.75
2023-12-29,3532.88,3560.07,3506.8,3531.58,1574996,TCS,TCS.NS,-0.17,53.27
2024-01-01,3549.36,3568.83,3513.88,3529.71,825907,TCS,TCS.NS,0.47,54.95
2024-01-02,3523.38,3549.36,3508.52,3549.36,1344068,TCS,TCS.NS,-0.73,40.84
2024-01-03,3438.21,3512.81,3433.83,3508.29,1803075,TCS,TCS.NS,-2.42,78.98
2024-01-04,3414.97,3463.59,3400.26,3447.52,3598144,TCS,TCS.NS,-0.68,63.33
2024-01-05,3481.19,3490.36,3422.47,3422.61,1963127,TCS,TCS.NS,1.94,67.89
2024-01-08,3425.68,3482.91,3420.19,3481.19,1067805,TCS,TCS.NS,-1.59,62.72
2024-01-09,3436.49,3494.65,3429.83,3455.16,1370944,TCS,TCS.NS,0.32,64.82
2024-01-10,3458.05,3473.13,3434.72,3436.58,1292227,TCS,TCS.NS,0.63,38.42
2024-01-11,3479.0,3513.88,3452.41,3468.24,1777909,TCS,TCS.NS,0.61,61.47
2024-01-12,3616.14,3637.05,3559.14,3583.73,6813450,TCS,TCS.NS,3.94,77.91
2024-01-15,3635.7,3692.69,3618.19,3688.04,2801505,TCS,TCS.NS,0.54,74.51
2024-01-16,3596.12,3631.23,3590.76,3631.23,1432672,TCS,TCS.NS,-1.09,40.47
2024-01-17,3617.82,3641.42,3550.71,3556.72,3458696,TCS,TCS.NS,0.6,90.71
2024-01-18,3634.58,3640.35,3596.77,3630.3,2239110,TCS,TCS.NS,0.46,43.59
2024-01-19,3697.83,3717.06,3671.58,3699.66,2941975,TCS,TCS.NS,1.74,45.48
2024-01-23,3618.31,3689.25,3603.77,3657.46,2618854,TCS,TCS.NS,-2.15,85.48
2024-01-24,3602.88,3642.13,3568.93,3638.71,2657709,TCS,TCS.NS,-0.43,73.2
2024-01-25,3573.34,3620.89,3543.71,3601.1,2205154,TCS,TCS.NS,-0.82,77.18
2024-01-29,3564.62,3582.44,3545.72,3564.43,1646747,TCS,TCS.NS,-0.24,36.72
2024-01-30,3564.2,3608.51,3551.49,3570.67,1411621,TCS,TCS.NS,-0.01,57.02
2024-01-31,3578.64,3595.57,3560.35,3574.18,2459358,TCS,TCS.NS,0.41,35.21
2024-02-01,3614.46,3662.06,3568.42,3582.44,2363107,TCS,TCS.NS,1.0,93.64
2024-02-02,3719.64,3736.61,3631.2,3634.06,2826510,TCS,TCS.NS,2.91,105.41
2024-02-05,3726.2,3771.87,3715.7,3735.3,1691523,TCS,TCS.NS,0.18,56.17
2024-02-06,3878.78,3891.82,3741.86,3748.43,4474396,TCS,TCS.NS,4.09,149.96
2024-02-07,3829.46,3896.6,3820.59,3894.73,2124267,TCS,TCS.NS,-1.27,76.01
2024-02-08,3877.0,3899.42,3831.94,3835.65,2345173,TCS,TCS.NS,1.24,67.48
2024-02-09,3876.63,3924.5,3845.02,3879.3,2100596,TCS,TCS.NS,-0.01,79.48
2024-02-12,3864.44,3900.92,3850.23,3873.16,1013716,TCS,TCS.NS,-0.31,50.69
2024-02-13,3891.45,3910.67,3827.67,3868.89,1257415,TCS,TCS.NS,0.7,83.0
2024-02-14,3845.12,3859.0,3797.66,3851.59,1391283,TCS,TCS.NS,-1.19,61.33
2024-02-15,3848.03,3888.44,3829.08,3871.28,1091582,TCS,TCS.NS,0.08,59.36
2024-02-16,3871.56,3889.99,3845.12,3857.45,1307556,TCS,TCS.NS,0.61,44.87
2024-02-19,3848.59,3871.56,3802.82,3866.64,772291,TCS,TCS.NS,-0.59,68.74
2024-02-20,3779.99,3843.15,3760.62,3828.24,1193648,TCS,TCS.NS,-1.78,82.53
2024-02-21,3743.27,3810.65,3733.05,3763.43,1885939,TCS,TCS.NS,-0.97,77.6
2024-02-22,3832.93,3840.29,3724.05,3724.05,2982052,TCS,TCS.NS,2.4,116.24
2024-02-23,3800.1,3873.16,3794.76,3873.16,2538072,TCS,TCS.NS,-0.86,78.4
2024-02-26,3752.23,3798.13,3735.07,3785.0,1379284,TCS,TCS.NS,-1.26,63.07
2024-02-27,3849.15,3867.53,3750.31,3750.31,2960475,TCS,TCS.NS,2.58,117.23
2024-02-28,3862.8,3896.51,3834.71,3840.9,1939225,TCS,TCS.NS,0.35,61.8
2024-02-29,3840.43,3880.75,3811.78,3844.09,3772719,TCS,TCS.NS,-0.58,68.98
2024-03-01,3839.73,3882.54,3832.64,3851.78,2043265,TCS,TCS.NS,-0.02,49.89
2024-03-04,3826.92,3861.81,3822.42,3849.71,1749271,TCS,TCS.NS,-0.33,39.39
2024-03-05,3762.59,3811.26,3732.49,3809.39,2070859,TCS,TCS.NS,-1.68,78.78
2024-03-06,3811.54,3818.77,3712.28,3745.66,1744204,TCS,TCS.NS,1.3,106.49
2024-03-07,3853.09,3867.53,3786.6,3812.2,2688905,TCS,TCS.NS,1.09,80.93
2024-03-11,3865.98,3894.73,3834.71,3834.71,2304068,TCS,TCS.NS,0.33,60.02
2024-03-12,3931.54,3966.89,3864.76,3865.98,4039801,TCS,TCS.NS,1.7,102.13
2024-03-13,3890.98,3977.26,3874.94,3943.49,2837260,TCS,TCS.NS,-1.03,102.32
2024-03-14,3945.93,3962.25,3831.89,3895.15,2919608,TCS,TCS.NS,1.41,130.36
2024-03-15,3956.86,3975.38,3917.24,3931.87,3373143,TCS,TCS.NS,0.28,58.14
2024-03-18,3894.26,3990.15,3861.76,3953.11,1526904,TCS,TCS.NS,-1.58,128.39
2024-03-19,3729.95,3805.64,3719.92,3799.31,8931209,TCS,TCS.NS,-4.22,85.72
2024-03-20,3723.95,3768.12,3713.92,3738.11,1817913,TCS,TCS.NS,-0.16,54.21
2024-03-21,3725.88,3759.12,3702.48,3741.91,3829582,TCS,TCS.NS,0.05,56.64
2024-03-22,3667.68,3693.1,3615.26,3654.65,5852485,TCS,TCS.NS,-1.56,77.84
2024-03-26,3636.36,3701.26,3630.69,3634.02,3440925,TCS,TCS.NS,-0.85,70.57
2024-03-27,3602.04,3652.77,3591.25,3646.68,1968575,TCS,TCS.NS,-0.94,61.52
2024-03-28,3635.24,3671.53,3601.66,3610.67,4311783,TCS,TCS.NS,0.92,69.87
2024-04-01,3673.17,3688.69,3646.25,3655.3,1569676,TCS,TCS.NS,1.04,42.44
2024-04-02,3642.27,3666.7,3632.14,3648.08,2142666,TCS,TCS.NS,-0.84,34.56
2024-04-03,3701.82,3733.42,3611.51,3611.51,3973090,TCS,TCS.NS,1.64,121.92
2024-04-04,3754.34,3778.11,3690.52,3728.64,3394637,TCS,TCS.NS,1.42,87.59
2024-04-05,3731.78,3753.12,3714.2,3730.61,1636819,TCS,TCS.NS,-0.6,38.92
2024-04-08,3725.5,3781.86,3713.73,3735.3,2302538,TCS,TCS.NS,-0.17,68.13
2024-04-09,3701.12,3766.11,3680.95,3736.24,1876992,TCS,TCS.NS,-0.65,85.15
2024-04-10,3736.85,3742.05,3674.34,3710.35,2101965,TCS,TCS.NS,0.97,67.71
2024-04-12,3752.56,3763.76,3700.13,3724.05,4354821,TCS,TCS.NS,0.42,63.63
2024-04-15,3696.1,3811.45,3675.33,3752.56,4200329,TCS,TCS.NS,-1.5,136.12
2024-04-16,3631.95,3684.38,3622.62,3659.34,3051420,TCS,TCS.NS,-1.74,61.75
2024-04-18,3621.83,3691.22,3610.57,3635.7,3476284,TCS,TCS.NS,-0.28,80.65
2024-04-19,3588.25,3612.96,3564.52,3599.32,2957749,TCS,TCS.NS,-0.93,48.44
2024-04-22,3624.26,3636.83,3574.93,3598.38,1728883,TCS,TCS.NS,1.0,61.9
2024-04-23,3633.74,3652.77,3620.51,3635.94,1807586,TCS,TCS.NS,0.26,32.26
2024-04-24,3592.8,3655.59,3586.61,3648.08,1317312,TCS,TCS.NS,-1.13,68.98
2024-04-25,3612.63,3632.75,3574.0,3574.18,2856271,TCS,TCS.NS,0.55,58.75
2024-04-26,3583.7,3635.7,3566.07,3615.4,2039178,TCS,TCS.NS,-0.8,69.63
2024-04-29,3629.51,3636.64,3581.69,3599.32,1110693,TCS,TCS.NS,1.28,54.96
2024-04-30,3583.05,3640.35,3573.06,3631.2,2203078,TCS,TCS.NS,-1.28,67.29
2024-05-02,3623.04,3630.36,3543.1,3543.1,2491044,TCS,TCS.NS,1.12,87.26
2024-05-03,3604.38,3651.46,3561.43,3648.22,2962234,TCS,TCS.NS,-0.52,90.03
2024-05-06,3677.2,3694.93,3613.38,3613.38,2053831,TCS,TCS.NS,2.02,81.54
2024-05-07,3731.5,3739.99,3670.12,3686.35,2062112,TCS,TCS.NS,1.48,69.87
2024-05-08,3729.63,3736.52,3693.66,3714.67,1247685,TCS,TCS.NS,-0.05,42.86
2024-05-09,3713.92,3724.05,3666.89,3715.61,1726486,TCS,TCS.NS,-0.42,57.16
2024-05-10,3651.74,3726.48,3643.44,3716.17,1672489,TCS,TCS.NS,-1.67,83.04
2024-05-13,3702.29,3709.04,3629.33,3642.93,931326,TCS,TCS.NS,1.38,79.71
2024-05-14,3658.59,3700.41,3650.8,3691.22,1058317,TCS,TCS.NS,-1.18,49.61
2024-05-15,3639.08,3682.74,3634.49,3661.68,1115021,TCS,TCS.NS,-0.53,48.25
2024-05-16,3684.94,3693.02,3630.67,3675.64,2599399,TCS,TCS.NS,1.26,62.35
2024-05-17,3621.79,3702.94,3617.92,3701.99,2765804,TCS,TCS.NS,-1.71,85.02
2024-05-21,3608.66,3631.85,3599.08,3618.49,1908117,TCS,TCS.NS,-0.36,32.78
2024-05-22,3619.81,3628.55,3606.16,3622.64,1311168,TCS,TCS.NS,0.31,22.39
2024-05-23,3677.86,3688.77,3613.67,3628.26,2095742,TCS,TCS.NS,1.6,75.1
2024-05-24,3636.34,3668.74,3631.43,3663.5,1309452,TCS,TCS.NS,-1.13,37.31
2024-05-27,3634.03,3691.93,3628.64,3641.54,1841538,TCS,TCS.NS,-0.06,63.29
2024-05-28,3627.27,3655.71,3617.92,3644.37,1801993,TCS,TCS.NS,-0.19,37.79
2024-05-29,3593.03,3635.77,3589.58,3635.77,1568095,TCS,TCS.NS,-0.94,46.19
2024-05-30,3529.22,3584.29,3509.71,3567.86,2919230,TCS,TCS.NS,-1.78,74.58
2024-05-31,3467.68,3542.16,3451.43,3532.9,10956800,TCS,TCS.NS,-1.74,90.73
2024-06-03,3497.81,3543.82,3491.34,3526.1,2156773,TCS,TCS.NS,0.87,52.47
2024-06-04,3509.29,3537.63,3392.63,3495.12,3395997,TCS,TCS.NS,0.33,145.0
2024-06-05,3539.0,3574.28,3495.12,3510.23,2799670,TCS,TCS.NS,0.85,79.16
2024-06-06,3618.3,3627.27,3534.32,3571.63,4328036,TCS,TCS.NS,2.24,92.95
2024-06-07,3678.33,3698.21,3624.82,3624.82,4552445,TCS,TCS.NS,1.66,73.4
2024-06-10,3645.03,3689.62,3629.16,3679.32,1734661,TCS,TCS.NS,-0.91,60.46
2024-06-11,3638.8,3665.11,3628.31,3632.09,1419898,TCS,TCS.NS,-0.17,36.79
2024-06-12,3619.48,3677.91,3615.51,3659.86,2177001,TCS,TCS.NS,-0.53,62.39
2024-06-13,3663.4,3674.6,3638.7,3643.24,1932323,TCS,TCS.NS,1.21,35.9
2024-06-14,3619.86,3673.65,3616.03,3673.65,1860730,TCS,TCS.NS,-1.19,57.62
2024-06-18,3603.85,3629.26,3584.91,3614.19,1774045,TCS,TCS.NS,-0.44,44.35
2024-06-19,3591.19,3621.56,3582.92,3615.7,1509050,TCS,TCS.NS,-0.35,38.64
2024-06-20,3577.54,3598.98,3570.74,3585.8,2846526,TCS,TCS.NS,-0.38,28.24
2024-06-21,3599.74,3663.07,3587.74,3615.09,4642195,TCS,TCS.NS,0.62,75.33
2024-06-24,3605.45,3643.43,3581.36,3597.85,1702154,TCS,TCS.NS,0.16,62.06
2024-06-25,3625.9,3634.59,3582.88,3605.64,1338808,TCS,TCS.NS,0.57,51.72
2024-06-26,3642.34,3652.82,3628.31,3631.62,1639845,TCS,TCS.NS,0.45,24.51
2024-06-27,3716.3,3723.72,3606.68,3618.87,4526556,TCS,TCS.NS,2.03,117.04
2024-06-28,3687.96,3740.72,3682.01,3700.86,2731571,TCS,TCS.NS,-0.76,58.71
2024-07-01,3757.91,3780.11,3668.93,3668.93,2658723,TCS,TCS.NS,1.9,111.18
2024-07-02,3794.94,3800.61,3762.02,3772.46,2307449,TCS,TCS.NS,0.99,38.59
2024-07-03,3745.68,3803.16,3736.0,3797.4,1821198,TCS,TCS.NS,-1.3,67.16
2024-07-04,3798.3,3823.24,3761.6,3778.37,2518001,TCS,TCS.NS,1.4,61.64
2024-07-05,3789.65,3803.78,3767.17,3787.95,1668616,TCS,TCS.NS,-0.23,36.6
2024-07-08,3772.08,3808.03,3757.77,3799.29,1758882,TCS,TCS.NS,-0.46,50.25
2024-07-09,3764.81,3785.07,3754.99,3764.34,1305801,TCS,TCS.NS,-0.19,30.09
2024-07-10,3692.69,3781.62,3685.93,3763.11,2669716,TCS,TCS.NS,-1.92,95.69
2024-07-11,3706.43,3759.62,3679.89,3713.33,4872189,TCS,TCS.NS,0.37,79.73
2024-07-12,3952.27,3967.39,3751.4,3759.61,13509164,TCS,TCS.NS,6.63,215.99
2024-07-15,3938.34,4005.22,3926.86,4001.16,4848030,TCS,TCS.NS,-0.35,78.36
2024-07-16,3947.08,3962.28,3915.38,3940.98,2029521,TCS,TCS.NS,0.22,46.9
2024-07-18,4076.58,4085.51,3929.65,3929.65,5613364,TCS,TCS.NS,3.28,155.86
2024-07-19,4073.6,4126.96,4057.36,4087.8,3903354,TCS,TCS.NS,-0.07,69.59
2024-07-22,4059.35,4090.22,4038.19,4071.28,1896386,TCS,TCS.NS,-0.35,52.03
2024-07-23,4073.55,4129.75,4039.42,4055.23,2365208,TCS,TCS.NS,0.35,90.33
2024-07-24,4077.25,4108.35,4041.13,4059.49,1809793,TCS,TCS.NS,0.09,67.22
2024-07-25,4092.63,4112.04,4046.9,4066.6,2810342,TCS,TCS.NS,0.38,65.14
2024-07-26,4154.51,4187.27,4106.41,4118.67,3552210,TCS,TCS.NS,1.51,80.86
2024-07-29,4148.12,4195.36,4138.55,4180.21,1746803,TCS,TCS.NS,-0.15,56.81
2024-07-30,4133.2,4164.12,4097.18,4157.58,1797906,TCS,TCS.NS,-0.36,66.94
2024-07-31,4152.14,4179.27,4113.94,4118.67,2330091,TCS,TCS.NS,0.46,65.33
2024-08-01,4163.27,4184.28,4132.92,4165.44,2202244,TCS,TCS.NS,0.27,51.37
2024-08-02,4055.28,4164.12,4042.93,4132.87,2811282,TCS,TCS.NS,-2.59,121.19
2024-08-05,3934.09,4013.57,3891.91,4013.57,2787771,TCS,TCS.NS,-2.99,121.67
2024-08-06,3949.38,4031.8,3939.53,3949.14,2203067,TCS,TCS.NS,0.39,92.27
2024-08-07,3977.07,4019.21,3957.99,4003.16,1237666,TCS,TCS.NS,0.7,61.21
2024-08-08,3950.66,4006.95,3938.78,3958.66,2441283,TCS,TCS.NS,-0.66,68.17
2024-08-09,4003.87,4027.44,3981.9,3992.74,1302536,TCS,TCS.NS,1.35,45.54
2024-08-12,3972.53,4013.57,3963.72,4005.05,936912,TCS,TCS.NS,-0.78,49.85
2024-08-13,3973.76,4008.84,3960.55,3988.96,1495593,TCS,TCS.NS,0.03,48.29
2024-08-14,4066.83,4077.2,3965.43,3985.17,3226545,TCS,TCS.NS,2.34,111.77
2024-08-16,4181.21,4191.58,4095.09,4118.67,3457058,TCS,TCS.NS,2.81,96.48
2024-08-19,4251.23,4255.25,4156.87,4185.89,2055210,TCS,TCS.NS,1.67,98.37
2024-08-20,4282.75,4322.24,4260.69,4265.43,2212298,TCS,TCS.NS,0.74,61.54
2024-08-21,4309.46,4317.5,4253.64,4277.74,1896990,TCS,TCS.NS,0.62,63.86
2024-08-22,4262.59,4318.4,4258.04,4317.5,1829872,TCS,TCS.NS,-1.09,60.36
2024-08-23,4226.51,4266.37,4218.09,4260.69,1809253,TCS,TCS.NS,-0.85,48.29
2024-08-26,4263.01,4310.07,4246.49,4250.28,1844164,TCS,TCS.NS,0.86,63.58
2024-08-27,4258.0,4270.16,4248.2,4265.43,930697,TCS,TCS.NS,-0.12,21.97
2024-08-28,4266.42,4319.87,4220.26,4259.51,1848058,TCS,TCS.NS,0.2,99.61
2024-08-29,4271.87,4313.72,4222.82,4222.82,2133641,TCS,TCS.NS,0.13,90.89
2024-08-30,4311.59,4348.04,4249.14,4260.69,3637222,TCS,TCS.NS,0.93,98.9
2024-09-02,4280.62,4344.01,4272.06,4332.65,1216500,TCS,TCS.NS,-0.72,71.96
2024-09-03,4272.39,4313.62,4256.81,4280.62,1717263,TCS,TCS.NS,-0.19,56.81
2024-09-04,4241.05,4248.38,4200.76,4238.87,1265505,TCS,TCS.NS,-0.73,47.62
2024-09-05,4237.92,4259.75,4217.28,4242.7,1688793,TCS,TCS.NS,-0.07,42.47
2024-09-06,4219.74,4278.64,4203.88,4236.03,1649179,TCS,TCS.NS,-0.43,74.75
2024-09-09,4212.93,4251.46,4194.89,4218.09,1184938,TCS,TCS.NS,-0.16,56.57
2024-09-10,4268.13,4298.52,4204.31,4206.2,1385591,TCS,TCS.NS,1.31,94.21
2024-09-11,4241.14,4307.42,4233.47,4281.0,1325919,TCS,TCS.NS,-0.63,73.95
2024-09-12,4277.45,4291.56,4195.65,4270.4,2742216,TCS,TCS.NS,0.86,95.91
2024-09-13,4282.09,4305.19,4265.43,4289.1,1458786,TCS,TCS.NS,0.11,39.77
2024-09-16,4273.24,4304.3,4255.44,4286.26,1155120,TCS,TCS.NS,-0.21,48.86
2024-09-17,4266.04,4294.59,4228.5,4273.24,1699364,TCS,TCS.NS,-0.17,66.09
2024-09-18,4115.03,4257.9,4091.21,4257.9,2961779,TCS,TCS.NS,-3.54,166.69
2024-09-19,4067.68,4187.03,4054.1,4156.59,2927551,TCS,TCS.NS,-1.15,132.93
2024-09-20,4057.03,4100.4,4002.69,4087.33,5447908,TCS,TCS.NS,-0.26,97.71
2024-09-23,4041.51,4080.23,4026.83,4071.33,1702319,TCS,TCS.NS,-0.38,53.4
2024-09-24,4044.16,4062.81,4014.52,4025.55,3012026,TCS,TCS.NS,0.07,48.29
2024-09-25,4047.42,4061.48,4014.52,4026.21,2713073,TCS,TCS.NS,0.08,46.96
2024-09-26,4064.23,4087.24,4033.46,4033.46,3964251,TCS,TCS.NS,0.42,53.78
2024-09-27,4079.57,4145.18,4071.38,4104.47,3012477,TCS,TCS.NS,0.38,73.8
2024-09-30,4041.51,4070.15,4033.5,4058.93,2503416,TCS,TCS.NS,-0.93,36.64
2024-10-01,4059.87,4067.31,4017.31,4029.24,1823365,TCS,TCS.NS,0.45,49.99
2024-10-03,4007.66,4051.45,3986.12,4035.92,3350119,TCS,TCS.NS,-1.29,65.33
2024-10-04,4026.12,4069.44,3999.42,4000.32,2965463,TCS,TCS.NS,0.46,70.02
2024-10-07,4045.62,4068.73,4004.48,4046.62,1472619,TCS,TCS.NS,0.48,64.24
2024-10-08,4027.07,4051.82,3980.39,4045.39,1541867,TCS,TCS.NS,-0.46,71.44
2024-10-09,4026.78,4066.6,4020.86,4033.46,1082504,TCS,TCS.NS,-0.01,45.73
2024-10-10,4002.59,4065.51,3975.32,4027.07,2378875,TCS,TCS.NS,-0.6,90.18
2024-10-11,3928.55,4016.37,3893.75,3922.68,5759183,TCS,TCS.NS,-1.85,122.61
2024-10-14,3916.67,3943.89,3902.99,3919.84,2137590,TCS,TCS.NS,-0.3,40.9
2024-10-15,3897.87,3948.2,3877.23,3911.36,2759474,TCS,TCS.NS,-0.48,70.96
2024-10-16,3877.18,3896.17,3850.91,3867.76,2359151,TCS,TCS.NS,-0.53,45.26
2024-10-17,3890.49,3910.32,3875.29,3894.08,2522659,TCS,TCS.NS,0.34,35.03
2024-10-18,3913.31,3935.24,3872.45,3881.94,2361000,TCS,TCS.NS,0.59,62.78
2024-10-21,3872.31,3929.35,3862.96,3922.38,1595450,TCS,TCS.NS,-1.05,66.39
2024-10-22,3811.23,3881.75,3802.55,3859.17,1928049,TCS,TCS.NS,-1.58,79.2
2024-10-23,3859.4,3904.3,3791.92,3796.14,1966476,TCS,TCS.NS,1.26,112.38
2024-10-24,3841.99,3871.5,3800.32,3800.32,2676744,TCS,TCS.NS,-0.45,71.18
2024-10-25,3851.15,3883.84,3827.56,3850.67,1759676,TCS,TCS.NS,0.24,56.28
2024-10-28,3882.75,3923.71,3844.93,3861.97,1532534,TCS,TCS.NS,0.82,78.78
2024-10-29,3867.94,3894.76,3853.57,3887.5,1445885,TCS,TCS.NS,-0.38,41.19
2024-10-30,3876.87,3898.08,3853.52,3867.71,1935002,TCS,TCS.NS,0.23,44.56
2024-10-31,3766.58,3870.84,3758.56,3862.96,3740372,TCS,TCS.NS,-2.84,112.28
2024-11-01,3781.53,3795.53,3773.79,3786.89,154895,TCS,TCS.NS,0.4,21.74
2024-11-04,3762.5,3788.83,3714.19,3764.54,2269192,TCS,TCS.NS,-0.5,74.65
2024-11-05,3769.33,3783.23,3740.62,3740.62,967590,TCS,TCS.NS,0.18,42.62
2024-11-06,3929.07,3938.7,3773.03,3799.94,3792017,TCS,TCS.NS,4.24,165.67
2024-11-07,3939.75,3991.85,3877.25,3957.59,3724349,TCS,TCS.NS,0.27,114.61
2024-11-08,3936.04,3957.64,3908.19,3943.64,1648039,TCS,TCS.NS,-0.09,49.45
2024-11-11,3985.12,4018.9,3908.19,3918.2,1406487,TCS,TCS.NS,1.25,110.72
2024-11-12,3983.88,4003.43,3952.51,4001.54,1587640,TCS,TCS.NS,-0.03,50.92
2024-11-13,3939.22,3983.26,3920.91,3965.56,1098813,TCS,TCS.NS,-1.12,62.36
2024-11-14,3935.0,3948.38,3907.05,3924.66,1825432,TCS,TCS.NS,-0.11,41.33
2024-11-18,3815.03,3998.69,3787.22,3998.69,3313944,TCS,TCS.NS,-3.05,211.47
2024-11-19,3834.06,3921.95,3809.91,3815.41,1776233,TCS,TCS.NS,0.5,112.04
2024-11-21,3865.67,3884.27,3819.3,3839.14,2384347,TCS,TCS.NS,0.82,64.97
2024-11-22,4028.68,4038.5,3847.78,3863.91,3096553,TCS,TCS.NS,4.22,190.73
2024-11-25,4095.59,4107.93,4035.89,4062.28,4052167,TCS,TCS.NS,1.66,72.04
2024-11-26,4131.28,4144.47,4090.75,4101.24,2060669,TCS,TCS.NS,0.87,53.72
2024-11-27,4112.16,4154.72,4104.09,4137.21,1558993,TCS,TCS.NS,-0.46,50.64
2024-11-28,4028.96,4119.18,4017.67,4099.3,2558544,TCS,TCS.NS,-2.02,101.51
2024-11-29,4053.59,4080.03,3982.22,4005.33,2017425,TCS,TCS.NS,0.61,97.81
2024-12-02,4059.1,4070.06,4014.87,4052.79,1670944,TCS,TCS.NS,0.14,55.19
2024-12-03,4083.87,4104.99,4048.47,4094.88,2010905,TCS,TCS.NS,0.61,56.52
2024-12-04,4132.89,4163.79,4070.87,4094.12,3302642,TCS,TCS.NS,1.2,92.92
2024-12-05,4236.97,4260.65,4138.21,4176.93,3746747,TCS,TCS.NS,2.52,122.44
2024-12-06,4219.36,4237.87,4188.28,4226.48,1842087,TCS,TCS.NS,-0.42,49.59
2024-12-09,4225.67,4242.04,4190.93,4205.08,2066639,TCS,TCS.NS,0.15,51.11
2024-12-10,4207.07,4265.2,4187.66,4201.0,2087828,TCS,TCS.NS,-0.44,77.54
2024-12-11,4202.23,4222.35,4182.82,4206.41,1635256,TCS,TCS.NS,-0.12,39.53
2024-12-12,4228.33,4256.85,4200.85,4204.7,1914642,TCS,TCS.NS,0.62,56.0
2024-12-13,4246.32,4266.25,4170.86,4209.35,1967048,TCS,TCS.NS,0.43,95.39
2024-12-16,4190.6,4247.36,4173.33,4232.17,1646224,TCS,TCS.NS,-1.31,74.03
2024-12-17,4108.31,4207.45,4098.35,4185.67,3225027,TCS,TCS.NS,-1.96,109.1
2024-12-18,4126.68,4140.11,4071.39,4092.37,1575404,TCS,TCS.NS,0.45,68.72
2024-12-19,4054.59,4142.01,4045.19,4064.18,3015763,TCS,TCS.NS,-1.75,96.81
2024-12-20,3958.16,4159.09,3941.26,4108.79,4116989,TCS,TCS.NS,-2.38,217.83
2024-12-23,3946.77,4002.48,3905.58,3986.4,2195338,TCS,TCS.NS,-0.29,96.91
2024-12-24,3966.89,4003.43,3946.77,3946.77,1181886,TCS,TCS.NS,0.51,56.66
2024-12-26,3957.02,3986.3,3932.39,3966.89,1208464,TCS,TCS.NS,-0.25,53.91
2024-12-27,3952.99,3968.27,3936.28,3951.23,858100,TCS,TCS.NS,-0.1,31.99
2024-12-30,3947.24,3985.68,3902.83,3939.84,1527169,TCS,TCS.NS,-0.15,82.86
2024-12-31,3886.5,3929.35,3826.94,3924.66,1555429,TCS,TCS.NS,-1.54,102.41
