date,Close,High,Low,Open,Volume,stock_name,ticker
2022-01-03,3386.357666015625,3397.2234590635435,3321.8281603636997,3326.2631779342787,2346158,TCS,TCS.NS
2022-01-04,3445.786865234375,3449.6895940340164,3380.991215898721,3398.199213823808,2488606,TCS,TCS.NS
2022-01-05,3424.67626953125,3432.703694867435,3381.6122044154104,3428.2686771738076,1733031,TCS,TCS.NS
2022-01-06,3377.221435546875,3401.658425302727,3345.777204756685,3381.257344785918,1810293,TCS,TCS.NS
2022-01-07,3418.068603515625,3428.1803586173028,3367.4206079125356,3388.353980908184,2460591,TCS,TCS.NS
2022-01-10,3441.44091796875,3528.500232508882,3424.7208139056797,3528.500232508882,3937092,TCS,TCS.NS
2022-01-11,3473.417236328125,3481.4890555369284,3420.2858084459604,3420.2858084459604,1906106,TCS,TCS.NS
2022-01-12,3423.74462890625,3485.0366556927033,3403.033227682781,3481.488641790242,3203744,TCS,TCS.NS
2022-01-13,3457.450927734375,3479.7148026675522,3421.1725704534156,3475.2797850755724,6684507,TCS,TCS.NS
2022-01-14,3519.76318359375,3527.6132519299485,3423.8782261400397,3439.6669332386305,3348123,TCS,TCS.NS
2022-01-17,3565.0,3586.1551199160176,3514.573981387204,3541.538800935803,3442604,TCS,TCS.NS
2022-01-18,3539.67626953125,3585.002018651542,3530.2739457678194,3578.1277414958386,2389041,TCS,TCS.NS
2022-01-19,3478.41015625,3564.9117788335907,3474.7227096532292,3564.9117788335907,3102539,TCS,TCS.NS
2022-01-20,3400.1279296875,3483.1640287722967,3386.310743278373,3474.2784062499186,6176776,TCS,TCS.NS
2022-01-21,3406.303466796875,3422.342059179579,3350.8572678451856,3382.7565666090263,3112358,TCS,TCS.NS
2022-01-24,3351.0791015625,3420.6533474824882,3323.311533128875,3412.078809123836,3258414,TCS,TCS.NS
2022-01-25,3349.790283203125,3384.888487297155,3307.4059130384235,3349.434945125185,3330501,TCS,TCS.NS
2022-01-27,3242.585205078125,3317.3576181352228,3221.1265173905385,3315.225155894084,5718297,TCS,TCS.NS
2022-01-28,3278.839111328125,3314.1594600905173,3239.6979015769352,3239.6979015769352,3143862,TCS,TCS.NS
2022-01-31,3319.890380859375,3339.216607900845,3306.695145967757,3331.219548435409,2739393,TCS,TCS.NS
2022-02-01,3377.114013671875,3383.6450329539907,3320.023889363237,3349.8796676041347,2105169,TCS,TCS.NS
2022-02-02,3426.473388671875,3433.4042169687295,3377.1137168552855,3401.3270359319927,1984212,TCS,TCS.NS
2022-02-03,3398.394775390625,3449.842435432575,3390.7975258678207,3421.8527286158005,1960538,TCS,TCS.NS
2022-02-04,3389.775634765625,3398.483587159522,3348.990719148999,3390.1311897835267,2307366,TCS,TCS.NS
2022-02-07,3357.876708984375,3404.7928386994317,3337.572975002385,3368.539455877154,1919149,TCS,TCS.NS
2022-02-08,3326.287841796875,3376.2694613033686,3306.339665487328,3369.02776676185,2946443,TCS,TCS.NS
2022-02-09,3341.482421875,3356.9433164433626,3328.642742250787,3332.1080478469007,1638721,TCS,TCS.NS
2022-02-10,3350.19091796875,3367.473411128061,3339.217086910007,3367.473411128061,2112459,TCS,TCS.NS
2022-02-11,3283.19287109375,3334.3296693022535,3278.794531572369,3334.3296693022535,3851488,TCS,TCS.NS
2022-02-14,3317.6689453125,3370.538393520359,3296.565594137094,3309.005464303649,5951745,TCS,TCS.NS
2022-02-15,3392.3525390625,3407.6357642925827,3330.3308590791657,3364.09621997698,3931683,TCS,TCS.NS
2022-02-16,3388.17626953125,3424.607316053256,3381.8673917745273,3415.6327519656547,3256906,TCS,TCS.NS
2022-02-17,3362.496826171875,3407.6358265307354,3357.8763464040803,3398.750205079547,3134372,TCS,TCS.NS
2022-02-18,3371.115966796875,3390.708806246124,3338.8613332210016,3348.9908552959514,3688883,TCS,TCS.NS
2022-02-21,3304.91748046875,3401.237733307342,3292.6110266892365,3385.4212860121215,7465922,TCS,TCS.NS
2022-02-22,3186.739990234375,3259.157823235757,3172.1676541709558,3243.252643620165,5408531,TCS,TCS.NS
2022-02-23,3166.65771484375,3219.1716057796148,3159.415803432267,3208.5978033646575,2426203,TCS,TCS.NS
2022-02-24,3022.5771484375,3095.617125825377,3013.2029919298166,3086.8647024601314,5039136,TCS,TCS.NS
2022-02-25,3128.405517578125,3136.624718327283,3076.2024857929327,3081.533859251846,2549723,TCS,TCS.NS
2022-02-28,3158.1279296875,3166.61374262665,3070.7822164584545,3101.082276188568,3288942,TCS,TCS.NS
2022-03-02,3150.974853515625,3173.899802351873,3115.299166886402,3156.617310428963,2761341,TCS,TCS.NS
2022-03-03,3149.419921875,3179.808924080417,3136.713655369363,3165.8140687773425,1928039,TCS,TCS.NS
2022-03-04,3131.603759765625,3164.347141273917,3098.4603517860155,3111.3000300712024,2370257,TCS,TCS.NS
2022-03-07,3096.550048828125,3152.618405439203,3049.145389831269,3065.539317577579,3054130,TCS,TCS.NS
2022-03-08,3198.779052734375,3206.820583036263,3074.424831616922,3074.424831616922,3300992,TCS,TCS.NS
2022-03-09,3227.790771484375,3246.8059136522093,3196.2023454400996,3203.2663707488273,2719654,TCS,TCS.NS
2022-03-10,3217.439697265625,3273.463595068601,3212.152794835232,3273.463595068601,2005441,TCS,TCS.NS
2022-03-11,3198.06787109375,3234.2325184432216,3192.47010397876,3201.711062107901,1623423,TCS,TCS.NS
2022-03-14,3237.0322265625,3241.786121299952,3181.052805680414,3181.052805680414,1765688,TCS,TCS.NS
2022-03-15,3193.403076171875,3251.2485526079276,3185.850298719793,3251.2485526079276,3651133,TCS,TCS.NS
2022-03-16,3248.494384765625,3259.2460739095877,3213.2629811274664,3234.81061397706,3090475,TCS,TCS.NS
2022-03-17,3263.466796875,3296.565738589953,3252.4042409503854,3284.6590919681585,3600452,TCS,TCS.NS
2022-03-21,3222.548583984375,3300.0756382590976,3212.152449319463,3284.1259896776583,2413831,TCS,TCS.NS
2022-03-22,3288.52392578125,3297.454018450051,3221.037676335606,3234.3661080997535,2907611,TCS,TCS.NS
2022-03-23,3298.6982421875,3314.159354710851,3278.794535574468,3294.7886552601967,1596195,TCS,TCS.NS
2022-03-24,3331.974853515625,3339.3942172821903,3283.2371329817483,3287.6799437165005,1879046,TCS,TCS.NS
2022-03-25,3294.2998046875,3358.320753023483,3262.80031885229,3340.904847554434,1690133,TCS,TCS.NS
2022-03-28,3294.52197265625,3299.2313956274616,3253.203831019655,3283.2372762842633,1760990,TCS,TCS.NS
2022-03-29,3292.43408203125,3307.228556100982,3279.6831275036875,3283.0152358017476,2689063,TCS,TCS.NS
2022-03-30,3315.714599609375,3321.4457828944737,3293.1894591716236,3321.4457828944737,1583455,TCS,TCS.NS
2022-03-31,3323.177978515625,3336.2397987692148,3305.628876005545,3323.222450010069,2168110,TCS,TCS.NS
2022-04-01,3339.88330078125,3343.6596902799715,3312.6044835537823,3330.3312567550715,1387014,TCS,TCS.NS
2022-04-04,3350.19091796875,3358.765457296388,3320.646221816606,3342.7713360711673,1472994,TCS,TCS.NS
2022-04-05,3389.6865234375,3408.1686573100724,3351.6560246280724,3351.6560246280724,2314947,TCS,TCS.NS
2022-04-06,3336.86181640625,3384.7996989953504,3315.3584397335258,3384.7996989953504,2051729,TCS,TCS.NS
2022-04-07,3273.59619140625,3328.1095666362144,3269.0201830609085,3328.1095666362144,2494829,TCS,TCS.NS
2022-04-08,3274.928955078125,3292.1227192112146,3236.587585621282,3278.7942871496307,2296773,TCS,TCS.NS
2022-04-11,3284.48095703125,3298.6536964936704,3248.6720768870196,3278.794246196316,2291660,TCS,TCS.NS
2022-04-12,3279.771728515625,3322.333767297896,3241.78569787856,3272.574288568642,4483476,TCS,TCS.NS
2022-04-13,3253.869873046875,3296.432126938456,3248.1831624952724,3293.899638230918,1621672,TCS,TCS.NS
2022-04-18,3134.89208984375,3207.7097228524217,3129.960525968879,3207.7097228524217,3820792,TCS,TCS.NS
2022-04-19,3084.998779296875,3166.4356288546082,3055.8983694740664,3154.3955685792644,3170014,TCS,TCS.NS
2022-04-20,3160.43798828125,3171.4116009849918,3092.196369835976,3109.96761334078,2640370,TCS,TCS.NS
2022-04-21,3224.281005859375,3237.9205218344946,3169.856573377936,3181.0525434049096,2280996,TCS,TCS.NS
2022-04-22,3209.9755859375,3213.929644546312,3173.500062343697,3182.0303466809823,1581465,TCS,TCS.NS
2022-04-25,3152.79638671875,3184.606957189106,3139.3792275227693,3161.504339754141,1960694,TCS,TCS.NS
2022-04-26,3151.108154296875,3188.0722114341042,3126.094998356819,3176.743043452235,1943469,TCS,TCS.NS
2022-04-27,3164.347412109375,3170.789487548089,3115.5654379746916,3150.841311128136,1727648,TCS,TCS.NS
2022-04-28,3184.873291015625,3202.733259696587,3143.777292437707,3188.160927515036,1703660,TCS,TCS.NS
2022-04-29,3151.462890625,3219.482357024366,3142.710684839358,3196.157603868528,2051115,TCS,TCS.NS
2022-05-02,3147.642822265625,3152.5743861315545,3103.5257934019173,3127.6501716746743,1324161,TCS,TCS.NS
2022-05-04,3091.974609375,3150.3531080776697,3079.134927751278,3144.177643587452,2305825,TCS,TCS.NS
2022-05-05,3121.87451171875,3139.290418532952,3096.950514238651,3120.719554345007,1612262,TCS,TCS.NS
2022-05-06,3050.078857421875,3087.309528817,3042.8814164437517,3073.536813981293,2010812,TCS,TCS.NS
2022-05-09,3061.185546875,3070.8707875272926,2973.8843157191677,3019.3341828755033,2481830,TCS,TCS.NS
2022-05-10,3055.543212890625,3078.6903011908057,3040.6597962956653,3051.32254251295,1622685,TCS,TCS.NS
2022-05-11,3031.774169921875,3064.1622181217003,3005.2505019723253,3052.211100141161,1841769,TCS,TCS.NS
2022-05-12,3028.797119140625,3065.272636777598,2976.7719816685094,3001.562777515555,2807195,TCS,TCS.NS
2022-05-13,3034.351318359375,3056.5653759096185,3005.2509029685566,3052.211507403433,2187823,TCS,TCS.NS
2022-05-16,3000.496337890625,3047.767794997648,2991.4330484759926,3034.439364407279,1195813,TCS,TCS.NS
2022-05-17,3066.961181640625,3080.644951878495,2977.0385191605064,2994.454423948811,1754076,TCS,TCS.NS
2022-05-18,3064.473388671875,3105.5249193259233,3059.3641559719827,3078.8680530656147,1866781,TCS,TCS.NS
2022-05-19,2898.44482421875,3025.5536639730703,2870.055311199124,3018.445167846261,4642963,TCS,TCS.NS
2022-05-20,2926.035400390625,2944.6062640779983,2905.6429407592427,2941.1409581818916,3065125,TCS,TCS.NS
2022-05-23,2951.581298828125,2966.8200528085695,2902.9325214936357,2936.5202138894765,2293690,TCS,TCS.NS
2022-05-24,2921.59228515625,2954.3358864396305,2910.5742015114233,2945.716660226276,1711510,TCS,TCS.NS
2022-05-25,2833.61328125,2945.610802185031,2821.4475663720973,2945.610802185031,3548046,TCS,TCS.NS
2022-05-26,2886.66015625,2899.6758667069867,2845.153237526035,2854.501215690882,2813186,TCS,TCS.NS
2022-05-27,2917.387939453125,2933.1318451391644,2888.672876025808,2910.1420170120946,3103153,TCS,TCS.NS
2022-05-30,3019.321533203125,3029.4747349681716,2939.7963456033503,2949.3231893846983,2094624,TCS,TCS.NS
2022-05-31,3009.571044921875,3026.612000510551,2974.3705125505267,3000.446485475332,4840965,TCS,TCS.NS
2022-06-01,3001.38623046875,3030.7274370567666,2987.8339209345313,3030.7274370567666,1493835,TCS,TCS.NS
2022-06-02,3062.036376953125,3070.0873052010297,2993.424621008395,3001.2071413022886,2657939,TCS,TCS.NS
2022-06-03,3077.377685546875,3110.6102582693384,3069.371528604616,3094.5977259894203,1913622,TCS,TCS.NS
2022-06-06,3069.148193359375,3088.8730125748843,3021.0214864667005,3057.5638450567494,1084210,TCS,TCS.NS
2022-06-07,3008.094970703125,3058.3239461384833,3002.101545860968,3042.400956238807,2308256,TCS,TCS.NS
2022-06-08,3045.174072265625,3053.940682272369,2993.6034913799344,3023.704930238696,2185707,TCS,TCS.NS
2022-06-09,3065.7041015625,3074.5600352543865,2999.507580582336,3028.043561052109,1279197,TCS,TCS.NS
2022-06-10,3005.59033203125,3035.1999443400923,2998.5234934948394,3025.359920942585,1527582,TCS,TCS.NS
2022-06-13,2880.0849609375,2945.7446542107127,2855.7978674460373,2943.0610119505754,3030921,TCS,TCS.NS
2022-06-14,2871.98974609375,2897.3500386797054,2839.920128333768,2853.606749841241,2611493,TCS,TCS.NS
2022-06-15,2868.18798828125,2892.966912903787,2863.4468423639523,2879.101425225986,1404536,TCS,TCS.NS
2022-06-16,2810.668212890625,2902.6725095727124,2802.6620565361654,2898.3338668891233,2032028,TCS,TCS.NS
2022-06-17,2763.167724609375,2789.8700552215146,2704.977583624793,2765.940909256889,5240434,TCS,TCS.NS
2022-06-20,2784.189697265625,2807.7611124816544,2745.3664210931734,2767.7301097628797,1502769,TCS,TCS.NS
2022-06-21,2873.24169921875,2896.3210675967666,2795.8185721019477,2799.9335778172745,2964461,TCS,TCS.NS
2022-06-22,2883.08203125,2907.7716314048353,2847.344899703459,2862.462666195436,3336315,TCS,TCS.NS
2022-06-23,2959.87890625,2968.108699833873,2883.0819135631095,2883.0819135631095,3692578,TCS,TCS.NS
2022-06-24,2945.835205078125,2992.2621447187234,2931.880173188525,2986.894858360484,2132118,TCS,TCS.NS
2022-06-27,2965.15673828125,3008.2738867735548,2957.821492005862,2996.734310666759,2037686,TCS,TCS.NS
2022-06-28,2968.242919921875,2978.843395941268,2927.496452991012,2958.2688019152474,1400046,TCS,TCS.NS
2022-06-29,2943.5087890625,2981.5270609163695,2926.065111388372,2926.065111388372,2133994,TCS,TCS.NS
2022-06-30,2922.57666015625,2961.7576717790407,2911.752546434991,2926.959856201318,2719603,TCS,TCS.NS
2022-07-01,2965.514892578125,2981.5272075648168,2909.1136216452282,2916.225231521543,1502879,TCS,TCS.NS
2022-07-04,2893.90625,2968.0641585009434,2884.9607740218207,2962.7416439730086,2622535,TCS,TCS.NS
2022-07-05,2877.13330078125,2926.9595551529096,2868.7691939118813,2911.752246950709,2170627,TCS,TCS.NS
2022-07-06,2916.89599609375,2923.828739778401,2864.5649631192855,2879.101361167748,2182144,TCS,TCS.NS
2022-07-07,2941.138671875,2969.3614764130343,2920.742941127774,2926.06545613533,1989921,TCS,TCS.NS
2022-07-08,2921.100830078125,2956.4802363434105,2907.2801113815685,2952.007497710516,2136916,TCS,TCS.NS
2022-07-11,2785.442138671875,2884.9157801887623,2778.464624268619,2868.053471913843,6974600,TCS,TCS.NS
2022-07-12,2759.410888671875,2805.480089247644,2755.4301956021764,2786.4261820294582,3734815,TCS,TCS.NS
2022-07-13,2718.306396484375,2782.04291010001,2714.9518431361835,2776.675624742904,3863530,TCS,TCS.NS
2022-07-14,2689.60546875,2741.85041032722,2661.1286121821595,2740.9535014589414,4764908,TCS,TCS.NS
2022-07-15,2685.883056640625,2716.6468518893935,2648.571564686502,2707.3639776191076,4574806,TCS,TCS.NS
2022-07-18,2747.68017578125,2759.7435556409487,2703.552305539903,2711.3553684957465,3202795,TCS,TCS.NS
2022-07-19,2757.322021484375,2761.5374492687492,2717.678694261558,2717.678694261558,1865074,TCS,TCS.NS
2022-07-20,2838.537109375,2844.949919921643,2778.668444964135,2787.4133060578565,3402251,TCS,TCS.NS
2022-07-21,2849.74853515625,2855.757780661632,2819.9263158701324,2840.5103301995564,2420640,TCS,TCS.NS
2022-07-22,2844.097900390625,2867.417529974402,2819.4329075616306,2856.6546240126586,2075886,TCS,TCS.NS
2022-07-25,2840.285888671875,2857.954947903264,2824.4555362400793,2838.716298301566,1797504,TCS,TCS.NS
2022-07-26,2794.67822265625,2842.214392123494,2777.278278402279,2838.447418714807,2639367,TCS,TCS.NS
2022-07-27,2860.107421875,2864.816192593285,2789.3860826411606,2793.8706261823845,1389808,TCS,TCS.NS
2022-07-28,2924.371337890625,2927.5105189004753,2871.5881638933847,2884.4588936225273,2106333,TCS,TCS.NS
2022-07-29,2961.50341796875,2975.315946452222,2937.3766560770605,2950.8302896163445,2430257,TCS,TCS.NS
2022-08-01,2958.722412109375,2984.0151932169347,2933.7883068868628,2984.0151932169347,1306913,TCS,TCS.NS
2022-08-02,2952.444580078125,2971.369225326498,2934.371735466329,2950.8301003625766,1269114,TCS,TCS.NS
2022-08-03,2995.2275390625,3003.748174373503,2939.215617049292,2941.86145474622,2895824,TCS,TCS.NS
2022-08-04,3009.083984375,3038.6370840635946,2966.3912590118593,3004.6443298312643,2150567,TCS,TCS.NS
2022-08-05,3018.143310546875,3028.861328010929,3009.129332388708,3014.6901237242273,1106933,TCS,TCS.NS
2022-08-08,3026.57373046875,3030.5649306683526,2992.0876323376488,3018.097986455692,1068836,TCS,TCS.NS
2022-08-10,3008.45654296875,3036.0364904074586,2991.1910474176884,3036.0364904074586,1878359,TCS,TCS.NS
2022-08-11,3069.670654296875,3075.2314455811347,3027.1123715619956,3049.490204414719,1449248,TCS,TCS.NS
2022-08-12,3050.88037109375,3066.5313868784974,3032.6730774737994,3066.5313868784974,1472354,TCS,TCS.NS
2022-08-16,3042.943115234375,3062.809780933115,3038.279232236839,3059.3565937003273,839942,TCS,TCS.NS
2022-08-17,3050.4765625,3065.58934417508,3023.569298894891,3036.1260219106084,1622326,TCS,TCS.NS
2022-08-18,3032.673095703125,3042.3148659889093,3015.4076000750924,3040.5210482613215,1430659,TCS,TCS.NS
2022-08-19,3036.708984375,3068.7734741310087,3023.7038067117237,3037.830120380455,1398410,TCS,TCS.NS
2022-08-22,3008.725830078125,3035.229532182766,3002.3127999837025,3018.098484400233,1536532,TCS,TCS.NS
2022-08-23,2945.986572265625,2997.3792685403614,2932.891616907202,2977.692165242651,1849256,TCS,TCS.NS
2022-08-24,2919.752685546875,2966.974854945067,2915.133472995961,2952.624311511234,1691923,TCS,TCS.NS
2022-08-25,2886.431640625,2940.20127537172,2883.3373492906517,2938.2730091845947,1946930,TCS,TCS.NS
2022-08-26,2890.01953125,2921.23200171297,2885.1763112522453,2900.872215467774,1457962,TCS,TCS.NS
2022-08-29,2809.61181640625,2818.7153534977124,2763.376122142402,2802.840110903929,2539173,TCS,TCS.NS
2022-08-30,2880.109130859375,2893.8767710393245,2818.177742100671,2829.747780142281,3431525,TCS,TCS.NS
2022-09-01,2808.849365234375,2861.139194303962,2799.252484458516,2861.139194303962,3546935,TCS,TCS.NS
2022-09-02,2807.683349609375,2836.9226654285976,2798.6247016941093,2836.9226654285976,2052900,TCS,TCS.NS
2022-09-05,2810.374267578125,2823.4243359042207,2791.4047318785147,2801.6294057785217,2147912,TCS,TCS.NS
2022-09-06,2804.678466796875,2817.0558509719353,2786.1125000202123,2812.257301713868,1936453,TCS,TCS.NS
2022-09-07,2824.904052734375,2835.935855830716,2782.211106134661,2782.211106134661,1291534,TCS,TCS.NS
2022-09-08,2842.88720703125,2855.309482883852,2834.321902214568,2843.201212734981,1346113,TCS,TCS.NS
2022-09-09,2885.93896484375,2900.1550591396,2841.8559780064397,2865.624064929959,1561185,TCS,TCS.NS
2022-09-12,2908.630126953125,2932.7122139820603,2892.5306590174614,2905.8945115277447,1785928,TCS,TCS.NS
2022-09-13,2896.432373046875,2927.016830182846,2892.5307323772486,2927.016830182846,1972678,TCS,TCS.NS
2022-09-14,2798.713623046875,2817.548704422131,2792.7941574263245,2811.8085767345965,5090269,TCS,TCS.NS
2022-09-15,2784.319091796875,2814.2757599671518,2780.4174506886047,2807.32471634043,2138023,TCS,TCS.NS
2022-09-16,2698.529296875,2775.3496622556345,2690.726234589064,2758.8912991986535,5322221,TCS,TCS.NS
2022-09-19,2716.557373046875,2728.3965252199246,2679.7841128450286,2723.015072507459,2072220,TCS,TCS.NS
2022-09-20,2726.871826171875,2762.434171951961,2717.6336218806787,2735.571797602663,1544295,TCS,TCS.NS
2022-09-21,2691.802978515625,2727.8586729249173,2689.0673625441004,2715.8401811124536,2253818,TCS,TCS.NS
2022-09-22,2697.363525390625,2717.588863283786,2672.1605186728298,2681.7573993510473,2017983,TCS,TCS.NS
2022-09-23,2674.627197265625,2710.9071180452506,2671.8915813587437,2694.3143035923686,2652374,TCS,TCS.NS
2022-09-26,2685.703857421875,2713.9118168201303,2624.445156215398,2654.715830856097,2925489,TCS,TCS.NS
2022-09-27,2706.377685546875,2713.1493914587795,2669.200855861596,2699.1575251901013,2227447,TCS,TCS.NS
2022-09-28,2722.701171875,2735.527011795521,2672.7882836301883,2672.7882836301883,2739767,TCS,TCS.NS
2022-09-29,2688.3046875,2740.8187395314417,2681.757209715352,2739.1593707259813,2493902,TCS,TCS.NS
2022-09-30,2694.8076171875,2708.395699120603,2645.9709725023213,2682.520009335048,2817353,TCS,TCS.NS
2022-10-03,2677.22802734375,2709.292518723233,2667.406919233083,2686.2420050783735,1763331,TCS,TCS.NS
2022-10-04,2772.47998046875,2778.623894292473,2711.3557238367157,2717.589197171234,2145875,TCS,TCS.NS
2022-10-06,2782.16650390625,2801.94338884146,2773.6458694011303,2790.2835732028752,1790816,TCS,TCS.NS
2022-10-07,2748.93603515625,2784.902170094704,2742.8372297358187,2778.085574778819,1939879,TCS,TCS.NS
2022-10-10,2797.054931640625,2804.633767069704,2695.210895441145,2699.6954393603482,3064063,TCS,TCS.NS
2022-10-11,2753.106689453125,2820.778420484031,2738.5768094281584,2780.417520985849,4730645,TCS,TCS.NS
2022-10-12,2781.090087890625,2789.296716194542,2746.3797595487877,2766.8739951763155,1665247,TCS,TCS.NS
2022-10-13,2783.377197265625,2789.386442591945,2737.679736477988,2781.090035970088,2054781,TCS,TCS.NS
2022-10-14,2779.654541015625,2825.262436507995,2754.4066484177947,2820.7778929579827,2245977,TCS,TCS.NS
2022-10-17,2798.17919921875,2813.1512922234274,2761.9401831157984,2763.019215303223,1517005,TCS,TCS.NS
2022-10-18,2827.80859375,2837.385525165027,2813.2861167744586,2832.574556753205,1793722,TCS,TCS.NS
2022-10-19,2807.26171875,2840.668030854225,2798.404213997578,2840.668030854225,1194289,TCS,TCS.NS
2022-10-20,2839.138916015625,2841.566793102016,2792.109143222076,2792.109143222076,1587601,TCS,TCS.NS
2022-10-21,2821.244384765625,2841.926676749231,2811.8924796841284,2839.5888102481545,1021913,TCS,TCS.NS
2022-10-24,2843.095703125,2857.753197352684,2837.0709054901563,2850.6493675283837,260949,TCS,TCS.NS
2022-10-25,2843.455322265625,2863.373179310594,2833.608577956596,2860.001066749578,2069643,TCS,TCS.NS
2022-10-27,2839.228759765625,2854.156065820698,2818.5016835637316,2842.1962627209805,2438421,TCS,TCS.NS
2022-10-28,2844.48974609375,2858.2030057564166,2828.078796005641,2832.574946714712,1355739,TCS,TCS.NS
2022-10-31,2871.376220703125,2876.6368040808793,2857.5731717627386,2876.6368040808793,1919414,TCS,TCS.NS
2022-11-01,2931.22021484375,2933.8281137695244,2880.638523413628,2890.5750595933964,2991060,TCS,TCS.NS
2022-11-02,2915.034423828125,2940.4826817707453,2897.3646386476103,2940.4826817707453,1405955,TCS,TCS.NS
2022-11-03,2883.6064453125,2902.760092489939,2873.0404904571415,2902.760092489939,1422652,TCS,TCS.NS
2022-11-04,2893.182861328125,2895.565952837209,2847.0973182984712,2892.823257100407,1464013,TCS,TCS.NS
2022-11-07,2907.840576171875,2916.0236585887765,2873.1304231020613,2903.6142382524736,1474498,TCS,TCS.NS
2022-11-09,2891.96923828125,2922.318256583237,2879.0201920825657,2922.318256583237,1162267,TCS,TCS.NS
2022-11-10,2882.6171875,2900.017379593007,2850.5597188557617,2850.5597188557617,1573092,TCS,TCS.NS
2022-11-11,2981.802001953125,3004.8673857085314,2927.038976756328,2940.1228186004687,3265394,TCS,TCS.NS
2022-11-14,2999.381591796875,3011.5211965005947,2975.5519973784617,2989.0404470492617,1342074,TCS,TCS.NS
2022-11-15,2996.774658203125,3003.3838684628918,2960.2658241961917,2986.3435000472514,1400708,TCS,TCS.NS
2022-11-16,3017.231689453125,3028.516851149373,2986.7476584957576,3002.439179238099,1748235,TCS,TCS.NS
2022-11-17,3011.521728515625,3021.413260021648,2983.4207867371497,3003.428657283424,1417986,TCS,TCS.NS
2022-11-18,3006.53076171875,3023.8859461395887,2986.3430903663884,3012.4207626399884,1164540,TCS,TCS.NS
2022-11-21,2952.6220703125,2997.7633779898833,2943.180154144301,2987.6920446515246,1304194,TCS,TCS.NS
2022-11-22,2980.903076171875,2984.4999969339733,2927.2190777052792,2949.4750249207636,1149739,TCS,TCS.NS
2022-11-23,2974.923095703125,2994.436345699814,2959.366370479906,2994.436345699814,1150011,TCS,TCS.NS
2022-11-24,3039.531982421875,3051.042169518214,2974.9224431994753,2982.071277287825,1296591,TCS,TCS.NS
2022-11-25,3048.075439453125,3060.395068338358,3010.6225909150426,3042.09564667431,1588981,TCS,TCS.NS
2022-11-28,3053.11083984375,3072.669093511846,3026.403751156413,3026.808360772863,2195437,TCS,TCS.NS
2022-11-29,3054.99951171875,3083.460056975127,3042.0954717838595,3042.0954717838595,1576028,TCS,TCS.NS
2022-11-30,3049.10888671875,3070.7801962813733,3034.9010099348993,3042.094849365856,3410702,TCS,TCS.NS
2022-12-01,3125.408447265625,3129.32018531269,3075.366389014195,3079.8625387057364,2180856,TCS,TCS.NS
2022-12-02,3092.587158203125,3119.3392540899144,3069.072378541606,3109.627744491306,2411749,TCS,TCS.NS
2022-12-05,3080.671875,3092.586672135732,3063.6765163350246,3087.0564956202343,1475065,TCS,TCS.NS
2022-12-06,3044.20849609375,3064.5309632236253,3028.6067671234496,3057.4271337408773,1166999,TCS,TCS.NS
2022-12-07,3039.93701171875,3051.7167929409807,3016.0174060142394,3028.876438862325,1167505,TCS,TCS.NS
2022-12-08,3012.91552734375,3039.9374364011487,3002.9339851801747,3021.413208083765,1285619,TCS,TCS.NS
2022-12-09,2960.93994140625,3034.092398588754,2946.192655434108,3034.092398588754,1797896,TCS,TCS.NS
2022-12-12,2955.27490234375,2963.8625942414624,2909.9987957113176,2927.443772922658,1527610,TCS,TCS.NS
2022-12-13,2996.3251953125,3000.2367151656863,2938.5046464943384,2946.957323004827,1378016,TCS,TCS.NS
2022-12-14,3026.224609375,3036.7005539710835,3004.238254133611,3011.3423048311397,1213311,TCS,TCS.NS
2022-12-15,2972.04541015625,3025.6843963408824,2966.5150134691307,3020.3340212997255,1415694,TCS,TCS.NS
2022-12-16,2913.730224609375,2960.2653805768264,2900.1967681932483,2944.9784694377604,2703680,TCS,TCS.NS
2022-12-19,2879.3798828125,2918.4513880687246,2872.590651420595,2901.815630657148,2120965,TCS,TCS.NS
2022-12-20,2917.05712890625,2921.598284336248,2844.84891564421,2876.5467732997513,1529971,TCS,TCS.NS
2022-12-21,2939.178466796875,2952.2173027124622,2913.5054045863976,2921.598475154693,1432566,TCS,TCS.NS
2022-12-22,2931.22021484375,2962.06385014797,2918.0915875468195,2962.06385014797,1384101,TCS,TCS.NS
2022-12-23,2903.029541015625,2937.649899386993,2892.82319170629,2892.82319170629,1360281,TCS,TCS.NS
2022-12-26,2925.10546875,2942.2808512656748,2900.0620424940166,2903.0295456954937,870157,TCS,TCS.NS
2022-12-27,2931.04052734375,2943.8995617533924,2905.8620844029233,2939.7630154548165,835883,TCS,TCS.NS
2022-12-28,2928.882568359375,2936.9756395960258,2900.916423270616,2922.318144448592,910795,TCS,TCS.NS
2022-12-29,2939.3583984375,2941.8312812201243,2902.714771749522,2905.5024728835565,1037927,TCS,TCS.NS
2022-12-30,2928.522705078125,2966.5601832850143,2919.0807887627284,2954.915197070413,1163131,TCS,TCS.NS
2023-01-02,2932.794189453125,2937.650164086702,2909.189397527533,2932.3895797849805,709547,TCS,TCS.NS
2023-01-03,2977.66552734375,2985.4437794959777,2918.2713383650357,2924.296135819554,1245178,TCS,TCS.NS
2023-01-04,2980.633056640625,2992.053454899718,2955.050003400902,2973.484221029113,1231668,TCS,TCS.NS
2023-01-05,2977.441162109375,3001.000949117812,2951.228470416505,2994.616326970122,1826057,TCS,TCS.NS
2023-01-06,2887.92236328125,2968.8530692467866,2877.5362121079547,2967.4592187363287,2488376,TCS,TCS.NS
2023-01-09,2985.39892578125,2991.738541892258,2896.5549480175173,2903.6139921160507,2885060,TCS,TCS.NS
2023-01-10,2955.2294921875,2965.6606483841506,2904.6030169681453,2953.970657956924,3864655,TCS,TCS.NS
2023-01-11,2993.266845703125,3011.9708735396725,2941.516115492318,2958.556699558339,2720512,TCS,TCS.NS
2023-01-12,2998.347900390625,3012.4207633052556,2981.442331005253,2993.5369316546853,2250391,TCS,TCS.NS
2023-01-13,3034.496337890625,3038.497867083987,2971.9548537178384,3006.03557950481,1742837,TCS,TCS.NS
2023-01-16,3066.2255859375,3083.6532862672816,3033.1174683396407,3050.5451686694223,1843607,TCS,TCS.NS
2023-01-17,3107.0126953125,3110.139707684702,3054.2237329495765,3062.5007620361607,1688475,TCS,TCS.NS
2023-01-18,3117.68115234375,3135.1088531125965,3101.3570106168763,3108.4844527793143,2421189,TCS,TCS.NS
2023-01-19,3102.13916015625,3114.922484141463,3091.0110626511537,3108.484793740226,1585044,TCS,TCS.NS
2023-01-20,3092.942138671875,3121.9575463467286,3086.0446139576375,3094.689421787962,1529349,TCS,TCS.NS
2023-01-23,3140.581298828125,3144.3520360066145,3086.0450421437336,3115.842263232059,1067916,TCS,TCS.NS
2023-01-24,3160.261962890625,3174.6547081099407,3142.7882334602164,3149.869647323622,1387863,TCS,TCS.NS
2023-01-25,3154.238037109375,3159.066304386822,3131.4762056585528,3150.145550703775,874110,TCS,TCS.NS
2023-01-27,3137.040283203125,3169.1827036169857,3110.599771674109,3150.789304292453,1785879,TCS,TCS.NS
2023-01-30,3157.82470703125,3180.632567224445,3113.5887161305623,3145.271301734969,1953798,TCS,TCS.NS
2023-01-31,3088.895751953125,3171.9420023718426,3081.8143374740634,3171.9420023718426,2820375,TCS,TCS.NS
2023-02-01,3134.556640625,3144.3510341459487,3085.4921671715874,3092.8495255433827,2205161,TCS,TCS.NS
2023-02-02,3182.425537109375,3190.334787824689,3145.3630208692275,3151.7086531782097,1813847,TCS,TCS.NS
2023-02-03,3202.567138671875,3222.5239343412254,3175.528703820552,3222.5239343412254,1804469,TCS,TCS.NS
2023-02-06,3182.011962890625,3194.1515611886443,3160.7677220012893,3194.1515611886443,1138714,TCS,TCS.NS
2023-02-07,3193.599853515625,3212.4070586382527,3183.345399100722,3190.2429235610102,1455647,TCS,TCS.NS
2023-02-08,3237.32958984375,3255.538871344196,3198.6574317945224,3198.6574317945224,1986946,TCS,TCS.NS
2023-02-09,3256.413818359375,3262.6215912578873,3223.719502854778,3232.6402575216903,1655427,TCS,TCS.NS
2023-02-10,3253.378173828125,3257.792634083155,3226.339745096551,3237.2379228015834,1187821,TCS,TCS.NS
2023-02-13,3202.65869140625,3263.9088027055695,3194.3816614754664,3263.9088027055695,1087939,TCS,TCS.NS
2023-02-14,3218.936767578125,3241.6985980328905,3214.246361188052,3223.4430603616947,1579818,TCS,TCS.NS
2023-02-15,3237.836181640625,3242.756506082764,3182.1961451635952,3206.8893751306296,1429449,TCS,TCS.NS
2023-02-16,3272.2314453125,3287.8198047959163,3243.6756507734817,3243.8595398428197,1618931,TCS,TCS.NS
2023-02-17,3219.902099609375,3254.619637461406,3209.64787029373,3242.89384653125,1061369,TCS,TCS.NS
2023-02-20,3207.164794921875,3239.0772946281572,3195.89883897094,3220.6838971572424,1296082,TCS,TCS.NS
2023-02-21,3173.78076171875,3227.029558057199,3168.0328249581758,3213.326566631502,1139541,TCS,TCS.NS
2023-02-22,3128.303466796875,3170.102422501116,3122.279583519376,3140.626954722956,1218430,TCS,TCS.NS
2023-02-23,3139.569091796875,3175.068214566864,3134.2349615691996,3146.1906700493637,1441570,TCS,TCS.NS
2023-02-24,3127.29150390625,3158.1004459242777,3110.5995848333705,3147.5702703492466,977592,TCS,TCS.NS
2023-02-27,3064.202392578125,3117.681110007593,3049.6255341549195,3117.681110007593,1128022,TCS,TCS.NS
2023-02-28,3046.728759765625,3119.52054831469,3034.8188539926205,3061.121505031087,4116217,TCS,TCS.NS
2023-03-01,3113.7265625,3116.7615182969907,3048.705940736065,3056.0633004723813,1669307,TCS,TCS.NS
2023-03-02,3054.6376953125,3099.1956592623837,3051.464878906557,3091.010686559656,1556538,TCS,TCS.NS
2023-03-03,3073.6748046875,3088.2516630694918,3063.5126314585646,3084.5729833040723,1043190,TCS,TCS.NS
2023-03-06,3100.98876953125,3131.4297058280413,3089.170922543595,3091.8378752076405,1334132,TCS,TCS.NS
2023-03-08,3118.048828125,3123.199069523481,3063.2826636402224,3093.769631883684,1844590,TCS,TCS.NS
2023-03-09,3068.801025390625,3113.083047465499,3063.283005217865,3113.083047465499,1648500,TCS,TCS.NS
2023-03-10,3063.420654296875,3069.16859157978,3025.7141857210204,3046.774538114063,1024404,TCS,TCS.NS
2023-03-13,3018.310791015625,3099.103887099542,3009.1601197869472,3065.2599875458113,1901233,TCS,TCS.NS
2023-03-14,2956.692626953125,3038.9570525672148,2951.5884142286423,3016.517197373872,2670334,TCS,TCS.NS
2023-03-15,2941.931884765625,2998.4457784271503,2935.5862524149616,2988.927105372376,1780522,TCS,TCS.NS
2023-03-16,2929.148681640625,2961.1532396142297,2917.1929727359693,2950.301089702708,1901060,TCS,TCS.NS
2023-03-17,2923.906982421875,2962.6249561150617,2891.4425853334556,2897.420440551225,6739966,TCS,TCS.NS
2023-03-20,2890.798095703125,2915.0312599514514,2846.424028337308,2915.0312599514514,2289468,TCS,TCS.NS
2023-03-21,2856.586669921875,2903.1678589753687,2848.631390837733,2890.798344143033,1815297,TCS,TCS.NS
2023-03-22,2879.302490234375,2890.9822527438723,2856.5866892222766,2878.6127378279625,1123939,TCS,TCS.NS
2023-03-23,2873.646728515625,2893.603746811064,2851.896623184191,2864.6799461628207,1372218,TCS,TCS.NS
2023-03-24,2869.830322265625,2915.3539886499057,2856.4951068601285,2895.9488612483124,1329577,TCS,TCS.NS
2023-03-27,2871.485107421875,2899.489008374501,2856.4944445361034,2883.164869163131,1524217,TCS,TCS.NS
2023-03-28,2865.599365234375,2896.5463922339063,2860.3112632842117,2875.807790984465,1303530,TCS,TCS.NS
2023-03-29,2886.752197265625,2896.960624515923,2854.747859513075,2877.6475536858165,1740616,TCS,TCS.NS
2023-03-31,2948.369873046875,2954.8996196587623,2898.799751373924,2933.701181901108,2382581,TCS,TCS.NS
2023-04-03,2942.943603515625,2965.88932201853,2918.802269268036,2965.88932201853,1521830,TCS,TCS.NS
2023-04-05,2979.546875,3002.1248181336805,2929.60874969603,2929.60874969603,2655065,TCS,TCS.NS
2023-04-06,2961.980712890625,2995.686748428594,2956.738639524129,2965.935338247377,1703464,TCS,TCS.NS
2023-04-10,3001.250732421875,3009.159983559372,2956.738798026706,2961.3371476348343,2203187,TCS,TCS.NS
2023-04-11,2955.635498046875,3010.033888866784,2935.7245077814828,3001.8028872526584,2348779,TCS,TCS.NS
2023-04-12,2981.247802734375,2998.99747647919,2942.023971821231,2968.6483701740635,2417727,TCS,TCS.NS
2023-04-13,2932.689453125,2970.5337797333086,2924.550284690997,2952.140381716384,4174070,TCS,TCS.NS
2023-04-17,2887.303955078125,2909.2839781910698,2823.6168077969783,2882.337826906714,5505048,TCS,TCS.NS
2023-04-18,2879.25634765625,2903.2598202590466,2860.7250902170117,2901.5123128481664,2617302,TCS,TCS.NS
2023-04-19,2841.412353515625,2887.7636289587313,2824.7662376900453,2879.256681962595,3298034,TCS,TCS.NS
2023-04-20,2855.391357421875,2862.9326062428067,2830.744157409367,2841.7801970094033,2419999,TCS,TCS.NS
2023-04-21,2906.938720703125,2910.2493976571473,2851.7124977803655,2860.173416034582,1929184,TCS,TCS.NS
2023-04-24,2919.768310546875,2925.4241911378012,2875.0262311012816,2897.9721768285667,1640676,TCS,TCS.NS
2023-04-25,2920.87158203125,2934.8505195080106,2894.66099006403,2927.3092712863568,2024090,TCS,TCS.NS
2023-04-26,2941.242431640625,2950.6690488552285,2925.4701814296627,2925.4701814296627,2000029,TCS,TCS.NS
2023-04-27,2931.86181640625,2942.2081034997614,2915.951481125579,2929.1488349186,2434446,TCS,TCS.NS
2023-04-28,2960.6474609375,2968.004820473883,2939.4950522704,2943.311592718381,2931312,TCS,TCS.NS
2023-05-02,2960.784912109375,2975.1318510325054,2952.1401056613113,2975.1318510325054,2321159,TCS,TCS.NS
2023-05-03,2924.45849609375,2957.6586723706264,2918.2507236937186,2957.6586723706264,2468285,TCS,TCS.NS
2023-05-04,2961.980712890625,2965.429474911843,2922.710854248113,2924.6880546621,1953253,TCS,TCS.NS
2023-05-05,2971.177490234375,2983.4091447657124,2952.186396679855,2961.3370672458673,1710027,TCS,TCS.NS
2023-05-08,2989.4794921875,2993.3880898187367,2971.729815685768,2984.32925020305,928235,TCS,TCS.NS
2023-05-09,3019.50634765625,3033.071479348302,2985.248642196661,2991.3185536466567,1107375,TCS,TCS.NS
2023-05-10,3022.77099609375,3040.888447761684,3003.687846149381,3025.713894793873,1559987,TCS,TCS.NS
2023-05-11,3018.494384765625,3043.8313346801706,3009.1598253633715,3043.1876106746317,1719623,TCS,TCS.NS
2023-05-12,3011.275146484375,3025.7139187593248,2998.1238222356833,3015.7354107050955,1027479,TCS,TCS.NS
2023-05-15,2993.571533203125,3027.553290878769,2987.409789819426,3020.1959317271803,1150390,TCS,TCS.NS
2023-05-16,2996.422607421875,3021.1158357999793,2989.3411935953186,2994.629295895425,986306,TCS,TCS.NS
2023-05-17,2950.944580078125,3016.5170847842187,2941.334075125344,2994.39898015619,1588815,TCS,TCS.NS
2023-05-18,2942.805908203125,2969.56816838411,2938.3454192418985,2966.809158600784,1369364,TCS,TCS.NS
2023-05-19,2963.9580078125,2974.6720715435754,2945.7485002335166,2952.140160660033,1152449,TCS,TCS.NS
2023-05-22,3033.715087890625,3042.6818695151333,2958.6241295338236,2970.533809965233,1333243,TCS,TCS.NS
2023-05-23,3032.19775390625,3060.6154646158416,3025.8060928695586,3040.4287547824956,1687418,TCS,TCS.NS
2023-05-24,3037.9921875,3050.7294831346167,3012.839121506177,3012.839121506177,1016555,TCS,TCS.NS
2023-05-25,3028.9326171875,3040.4284901842643,3004.6534232298413,3029.3924521073704,1374917,TCS,TCS.NS
2023-05-26,3061.489013671875,3070.455795118888,3026.6336145765354,3028.932789306539,1791115,TCS,TCS.NS
2023-05-29,3053.62646484375,3101.1273319405063,3045.947130304554,3090.8270725408915,1210372,TCS,TCS.NS
2023-05-30,3049.808837890625,3059.695287890643,3036.151876561339,3048.705279075443,1344224,TCS,TCS.NS
2023-05-31,3025.254150390625,3060.3854958314014,3002.8600984079567,3043.1877135256354,5815424,TCS,TCS.NS
2023-06-01,3056.982666015625,3071.6973840229207,3032.611414316042,3047.7859672610653,1177314,TCS,TCS.NS
2023-06-02,3040.061279296875,3067.9271010174266,3032.5658339871675,3059.0523752195204,2030661,TCS,TCS.NS
2023-06-05,3024.7021484375,3059.741660328517,3021.1615541519814,3048.7056218782786,1861468,TCS,TCS.NS
2023-06-06,2972.64892578125,3024.6563011369967,2961.8888333525238,3016.5171330853027,2022849,TCS,TCS.NS
2023-06-07,3011.82666015625,3015.4595356363516,2980.64994248542,2991.685980532265,1567196,TCS,TCS.NS
2023-06-08,2976.465576171875,3007.320545945049,2973.2927599511754,2999.0435169195125,1759366,TCS,TCS.NS
2023-06-09,2951.49658203125,2988.92710113042,2947.8639309217856,2984.3287517440654,1775689,TCS,TCS.NS
2023-06-12,2986.076416015625,2992.9739409759577,2953.060353017023,2956.739032995867,2324605,TCS,TCS.NS
2023-06-13,2983.133544921875,3002.7225608987374,2978.811140811948,2998.124210882047,1371928,TCS,TCS.NS
2023-06-14,2989.892822265625,2994.3072826160305,2966.7171860869717,2983.1331588044936,1658544,TCS,TCS.NS
2023-06-15,2979.93310546875,3008.793791293159,2974.0960492911586,3006.8018859763647,2273810,TCS,TCS.NS
2023-06-16,2941.5751953125,2964.2746801787644,2924.064254609405,2962.0511476509087,4156189,TCS,TCS.NS
2023-06-19,2974.4658203125,2978.63511279897,2941.667476565039,2955.5651181866065,1468186,TCS,TCS.NS
2023-06-20,2990.495361328125,2994.9426531990575,2965.8039679072785,2977.802223474639,1528452,TCS,TCS.NS
2023-06-21,3018.753662109375,3021.718447715978,2987.020706957234,3011.1563283053792,1645987,TCS,TCS.NS
2023-06-22,3000.50146484375,3027.509130331622,2992.7188743583506,3020.421422075228,1529603,TCS,TCS.NS
2023-06-23,2979.979248046875,3010.600209425588,2973.308197955416,2999.389578963673,1119505,TCS,TCS.NS
2023-06-26,2955.241455078125,2977.7093143980414,2939.8151596740126,2969.4634688796755,1978803,TCS,TCS.NS
2023-06-27,2962.375732421875,2973.7716202061024,2948.431716890738,2966.6839118331172,863542,TCS,TCS.NS
2023-06-28,2979.1455078125,2993.5064078645332,2958.715924111652,2972.243055930447,1575872,TCS,TCS.NS
2023-06-30,3059.56640625,3066.746855836929,2977.8946733632847,2983.3609896661364,2672406,TCS,TCS.NS
2023-07-03,3031.817626953125,3074.9003264457365,3028.5284723972923,3070.7310329464513,1687264,TCS,TCS.NS
2023-07-04,3065.681396484375,3071.3793400747436,3036.4499732116597,3048.2165999535164,1656681,TCS,TCS.NS
2023-07-05,3075.9658203125,3084.350778301896,3062.114545595604,3076.0121910370362,1453008,TCS,TCS.NS
2023-07-06,3078.69873046875,3083.8409041072446,3059.334769860957,3063.550433878052,1848238,TCS,TCS.NS
2023-07-07,3084.582275390625,3110.2001769257495,3059.3348872388206,3059.3348872388206,1789326,TCS,TCS.NS
2023-07-10,3031.4931640625,3080.412918176495,3025.239224007551,3080.412918176495,1407431,TCS,TCS.NS
2023-07-11,3031.91015625,3052.8493652895645,3021.1627797878978,3052.8493652895645,1110172,TCS,TCS.NS
2023-07-12,3020.32861328125,3047.429019608131,3011.2489999836316,3039.8316859801516,1515240,TCS,TCS.NS
2023-07-13,3095.052001953125,3119.9750222295534,3032.2345994922275,3042.657833544412,4585146,TCS,TCS.NS
2023-07-14,3256.357421875,3265.808002340578,3105.6607006137674,3117.705327435957,6306101,TCS,TCS.NS
2023-07-17,3235.09375,3289.0165672292546,3221.520473895772,3252.0489220985337,2743228,TCS,TCS.NS
2023-07-18,3239.86474609375,3265.0193878447244,3210.3553288541348,3220.546933072719,2600090,TCS,TCS.NS
2023-07-19,3215.034912109375,3258.3956097228456,3192.42794053721,3242.7838313695074,2405370,TCS,TCS.NS
2023-07-20,3217.125,3231.615999345678,3191.8119589657226,3207.6500721995853,1715404,TCS,TCS.NS
2023-07-21,3128.87744140625,3190.743301408389,3120.2849419514946,3162.086290650304,3770223,TCS,TCS.NS
2023-07-24,3153.447265625,3170.818002760362,3132.407344389984,3140.6746314391708,1680132,TCS,TCS.NS
2023-07-25,3157.53466796875,3164.641033805337,3139.9316997265273,3156.0020424597774,1272980,TCS,TCS.NS
2023-07-26,3147.45556640625,3177.6919182329752,3144.390089056602,3158.6490831293827,1066803,TCS,TCS.NS
2023-07-27,3155.4443359375,3169.1458889102455,3144.4367836891192,3153.632989545926,1701769,TCS,TCS.NS
2023-07-28,3116.894287109375,3152.47192520402,3094.228757385738,3144.3903763886888,2599831,TCS,TCS.NS
2023-07-31,3178.249755859375,3183.0800891327967,3122.0036670222876,3125.254883408398,2743678,TCS,TCS.NS
2023-08-01,3206.6748046875,3214.05966520828,3172.2583111810045,3172.2583111810045,1956167,TCS,TCS.NS
2023-08-02,3196.0849609375,3201.4262450108586,3170.95788424797,3190.7901681699773,1914899,TCS,TCS.NS
2023-08-03,3158.27783203125,3189.210877378925,3128.5989179384605,3176.9027017071066,2026351,TCS,TCS.NS
2023-08-04,3198.77880859375,3224.277587720079,3159.485492720518,3159.485492720518,2248493,TCS,TCS.NS
2023-08-07,3236.400146484375,3240.069331017348,3196.642369656952,3208.439595086255,1853889,TCS,TCS.NS
2023-08-08,3223.90625,3241.8806958970467,3210.9013844925967,3236.4001647193836,1634225,TCS,TCS.NS
2023-08-09,3216.381591796875,3220.561726717622,3181.5936254249154,3218.6109063732065,1794589,TCS,TCS.NS
2023-08-10,3197.431884765625,3218.6110545764855,3186.2383664939557,3204.770253471881,1096701,TCS,TCS.NS
2023-08-11,3203.65576171875,3220.236829119453,3171.3293364816013,3193.7163741820514,1679974,TCS,TCS.NS
2023-08-14,3204.631103515625,3209.4149453532923,3168.5425118958265,3196.1313591222456,1190425,TCS,TCS.NS
2023-08-16,3212.57275390625,3219.632627647557,3191.0218826561636,3204.7699265389706,1328445,TCS,TCS.NS
2023-08-17,3191.533203125,3214.802667601421,3170.5860359658495,3209.4148924679835,1843241,TCS,TCS.NS
2023-08-18,3127.762939453125,3167.6134698101937,3117.9163083336994,3167.6134698101937,2526749,TCS,TCS.NS
2023-08-21,3159.856689453125,3167.3810227911003,3132.3143364914113,3135.101093018539,1375579,TCS,TCS.NS
2023-08-22,3141.7431640625,3168.5425667238806,3125.8587859478707,3158.324458182701,1222012,TCS,TCS.NS
2023-08-23,3156.69873046875,3160.1821764304236,3136.0302844294856,3147.1773115068418,1330046,TCS,TCS.NS
2023-08-24,3146.945068359375,3170.4467623713062,3137.9810915042904,3165.7556764722162,1152881,TCS,TCS.NS
2023-08-25,3140.953369140625,3145.133503987289,3112.110393341278,3135.1011349979294,1158046,TCS,TCS.NS
2023-08-28,3135.612060546875,3152.750567923211,3121.2603097126043,3152.750567923211,1037485,TCS,TCS.NS
2023-08-29,3136.1689453125,3148.6165926274966,3125.8115919706174,3140.720783256991,944517,TCS,TCS.NS
2023-08-30,3149.917236328125,3165.8483302087693,3142.578868343871,3156.4661593852143,1188200,TCS,TCS.NS
2023-08-31,3118.195068359375,3174.487418701091,3105.979648519252,3159.2532391652235,3417652,TCS,TCS.NS
2023-09-01,3139.002685546875,3148.1061360779117,3118.1949930075107,3126.741001486648,1277950,TCS,TCS.NS
2023-09-04,3175.509521484375,3188.839599513233,3130.5034424257988,3137.8883029323442,1828332,TCS,TCS.NS
2023-09-05,3185.588623046875,3201.983953503968,3163.1086006905402,3176.903139246757,1501842,TCS,TCS.NS
2023-09-06,3186.098876953125,3199.103741686018,3156.5594370607423,3189.907535196781,1314818,TCS,TCS.NS
2023-09-07,3209.647216796875,3214.059581829734,3179.0393826105205,3186.9351937219517,1885092,TCS,TCS.NS
2023-09-08,3197.24609375,3218.704212548399,3190.88313491419,3209.6472526429598,1518917,TCS,TCS.NS
2023-09-11,3233.241455078125,3237.9325408464088,3200.1255872484753,3215.917208433736,1783604,TCS,TCS.NS
2023-09-12,3326.2724609375,3334.725485885792,3235.4241575808805,3243.784426721916,4476016,TCS,TCS.NS
2023-09-13,3314.2431640625,3333.7504596439576,3293.0172779174695,3317.26215028344,1754929,TCS,TCS.NS
2023-09-14,3306.997802734375,3341.9715088947505,3293.574969875399,3316.28699181143,2604721,TCS,TCS.NS
2023-09-15,3342.529052734375,3350.9358144624653,3309.227218164352,3314.2435164908143,2952897,TCS,TCS.NS
2023-09-18,3349.821044921875,3362.0364654202117,3321.1175395324153,3325.5763959350998,1395753,TCS,TCS.NS
2023-09-20,3349.727783203125,3367.330749626567,3325.529402389823,3325.529402389823,1649396,TCS,TCS.NS
2023-09-21,3330.453125,3348.7527827829417,3277.2260243157334,3333.472111558681,2004073,TCS,TCS.NS
2023-09-22,3347.49853515625,3375.45908502732,3311.6424013468136,3329.2453693121192,1989083,TCS,TCS.NS
2023-09-25,3322.882080078125,3362.6863447912865,3305.697080802258,3346.430264395196,1238778,TCS,TCS.NS
2023-09-26,3330.82470703125,3339.4172075080314,3284.6574795566185,3314.0114097379874,1726062,TCS,TCS.NS
2023-09-27,3334.168212890625,3357.112461333745,3302.956451257026,3334.818410677406,1541134,TCS,TCS.NS
2023-09-28,3285.353759765625,3346.7088954834967,3276.6220132450994,3344.10787733265,1755753,TCS,TCS.NS
2023-09-29,3277.783447265625,3314.80073078161,3256.3718204401093,3285.7720140406323,2243791,TCS,TCS.NS
2023-10-03,3264.08203125,3282.985396320475,3232.731015841526,3282.985396320475,1948148,TCS,TCS.NS
2023-10-04,3286.28271484375,3295.8041332105504,3230.12961480862,3238.4898845941034,1788138,TCS,TCS.NS
2023-10-05,3334.215576171875,3366.4025295099746,3298.77717947591,3301.37819809008,2990768,TCS,TCS.NS
2023-10-06,3363.98681640625,3376.573712868575,3320.931561429297,3335.747772538649,2075691,TCS,TCS.NS
2023-10-09,3379.732177734375,3417.492640385133,3372.904533090084,3385.955889020274,4233074,TCS,TCS.NS
2023-10-10,3370.953857421875,3388.696299926251,3345.3623220029544,3381.3114396957885,1848148,TCS,TCS.NS
2023-10-11,3353.30419921875,3390.553937299432,3348.7525873875215,3390.553937299432,2426417,TCS,TCS.NS
2023-10-12,3290.741455078125,3333.5644771796983,3286.6078116313074,3320.8848258321595,4241281,TCS,TCS.NS
2023-10-13,3317.0302734375,3322.7430341793447,3274.4392495057846,3279.0838441859346,2890357,TCS,TCS.NS
2023-10-16,3273.556884765625,3320.5600477596604,3268.958781301307,3312.5249895233706,1671104,TCS,TCS.NS
2023-10-17,3257.76513671875,3282.9387033243615,3254.32818207953,3279.083780529412,1672065,TCS,TCS.NS
2023-10-18,3239.372314453125,3272.302442885238,3236.353328139562,3261.434137513778,1408245,TCS,TCS.NS
2023-10-19,3218.32421875,3238.0684358855883,3214.8317596869083,3231.223125172474,1514545,TCS,TCS.NS
2023-10-20,3254.552978515625,3259.1629792610242,3207.5211938456205,3213.434955097758,1481211,TCS,TCS.NS
2023-10-23,3175.94921875,3240.0242499313185,3167.7071513441997,3234.4829267293885,1106272,TCS,TCS.NS
2023-10-25,3157.2763671875,3189.779430139314,3145.2621710118374,3157.6488052225827,1518537,TCS,TCS.NS
2023-10-26,3107.590087890625,3142.0024058676267,3101.3036615496458,3136.7405251390774,1984471,TCS,TCS.NS
2023-10-27,3120.81494140625,3131.1061000295,3107.8230386075074,3119.9302305469437,1108851,TCS,TCS.NS
2023-10-30,3146.51953125,3150.524263288147,3104.796239719202,3119.930229639093,910972,TCS,TCS.NS
2023-10-31,3137.392578125,3165.5650829081633,3119.976893370138,3165.5650829081633,999811,TCS,TCS.NS
2023-11-01,3101.9091796875,3140.0470177894435,3083.608783594488,3124.5869734096973,1563475,TCS,TCS.NS
2023-11-02,3129.337158203125,3144.098484984169,3113.5976698439777,3113.5976698439777,1245384,TCS,TCS.NS
2023-11-03,3120.7685546875,3155.227488075118,3114.621962453366,3149.732776133044,1402598,TCS,TCS.NS
2023-11-06,3148.102783203125,3159.3252644555632,3128.3121806905697,3143.213340229435,1099852,TCS,TCS.NS
2023-11-07,3138.9755859375,3170.361105826031,3134.8312466684147,3146.0071156404942,1191144,TCS,TCS.NS
2023-11-08,3149.313720703125,3168.312609208247,3138.137850435721,3139.907272278595,992899,TCS,TCS.NS
2023-11-09,3117.55517578125,3158.579973678366,3112.5261256846,3157.2762132454977,2112352,TCS,TCS.NS
2023-11-10,3104.516845703125,3117.5553602980613,3094.179302698473,3108.754408421209,1338557,TCS,TCS.NS
2023-11-13,3102.747314453125,3125.5181025923366,3098.509751884596,3125.5181025923366,1030990,TCS,TCS.NS
2023-11-15,3170.501220703125,3178.603680948949,3125.5649102414236,3150.757229249606,2059802,TCS,TCS.NS
2023-11-16,3257.62646484375,3286.9631232989923,3179.7212020773018,3194.482754503449,3951984,TCS,TCS.NS
2023-11-17,3261.91064453125,3282.4463523893537,3252.6906421657363,3257.626697192936,2021292,TCS,TCS.NS
2023-11-20,3277.882568359375,3291.200297423911,3251.4794860942648,3251.4794860942648,1475621,TCS,TCS.NS
2023-11-21,3269.128173828125,3295.996918736589,3260.560052355792,3277.8827416982326,1807236,TCS,TCS.NS
2023-11-22,3287.7080078125,3290.036314045069,3242.0268214284124,3259.6287255971747,1798051,TCS,TCS.NS
2023-11-23,3267.31201171875,3300.606789576356,3259.628601443918,3287.56827517058,2729804,TCS,TCS.NS
2023-11-24,3219.675048828125,3263.8662551978136,3215.8565356961108,3254.273588142524,1989733,TCS,TCS.NS
2023-11-28,3231.828369140625,3242.166138837972,3197.229832568979,3219.6747935926865,1689195,TCS,TCS.NS
2023-11-29,3272.434326171875,3276.3924466659996,3237.090683940245,3241.9335153053853,1441634,TCS,TCS.NS
2023-11-30,3248.080078125,3275.134811820615,3241.9332593640556,3259.116112089636,3266235,TCS,TCS.NS
2023-12-01,3270.478271484375,3275.414325764336,3250.361843721189,3259.628456286476,1172141,TCS,TCS.NS
2023-12-04,3271.22314453125,3304.1454805707954,3257.765582041281,3301.211678742555,1625213,TCS,TCS.NS
2023-12-05,3289.058349609375,3295.0187221482606,3262.236218437115,3295.0187221482606,1377656,TCS,TCS.NS
2023-12-06,3356.5791015625,3364.728172438132,3283.051017305754,3289.989550978767,1896572,TCS,TCS.NS
2023-12-07,3366.63720703125,3381.2125388172353,3345.030573119782,3357.417206346076,1967653,TCS,TCS.NS
2023-12-08,3377.627197265625,3394.670444147185,3354.670189052335,3383.494574372215,1641155,TCS,TCS.NS
2023-12-11,3392.71484375,3402.121292502445,3366.731035421938,3374.0883926549964,1102503,TCS,TCS.NS
2023-12-12,3419.90966796875,3444.403269429635,3381.6322197535496,3389.036188640435,2236866,TCS,TCS.NS
2023-12-13,3346.753662109375,3399.326766210702,3318.301717262666,3393.319782194453,3850968,TCS,TCS.NS
2023-12-14,3415.392578125,3425.4042954103893,3378.4657304357984,3380.7008135779533,3290396,TCS,TCS.NS
2023-12-15,3595.83642578125,3628.386103974232,3414.880405810453,3414.880405810453,8531230,TCS,TCS.NS
2023-12-18,3594.159423828125,3659.165773966342,3567.1044621574897,3593.1351055942864,2521612,TCS,TCS.NS
2023-12-19,3554.113037109375,3590.341620394988,3529.7124319987875,3580.9351717771337,2004435,TCS,TCS.NS
2023-12-20,3520.445068359375,3631.039596597772,3507.8722167280625,3564.4034374770918,2586083,TCS,TCS.NS
2023-12-21,3527.384033203125,3545.265380055125,3486.2662350262744,3498.2802045463336,1517562,TCS,TCS.NS
2023-12-22,3561.376953125,3581.8194348785914,3503.6349627762156,3539.0252149254707,2413058,TCS,TCS.NS
2023-12-26,3534.880859375,3570.6901609763127,3529.8515818790197,3557.5120396728166,1285231,TCS,TCS.NS
2023-12-27,3549.4560546875,3555.9753117984196,3509.2229705634127,3538.093966340341,1293976,TCS,TCS.NS
2023-12-28,3538.931884765625,3574.4153590343085,3531.6677519692553,3561.376845478686,1682889,TCS,TCS.NS
2023-12-29,3532.87890625,3560.073706886277,3506.8018745840577,3531.5751456161715,1574996,TCS,TCS.NS
2024-01-01,3549.36328125,3568.8278306083957,3513.879802945062,3529.712285492124,825907,TCS,TCS.NS
2024-01-02,3523.37890625,3549.3629379884974,3508.5243592421702,3549.3629379884974,1344068,TCS,TCS.NS
2024-01-03,3438.209716796875,3512.8087373367534,3433.83254667766,3508.29173242333,1803075,TCS,TCS.NS
2024-01-04,3414.972900390625,3463.58788246761,3400.2579615190225,3447.5225716387404,3598144,TCS,TCS.NS
2024-01-05,3481.190185546875,3490.3638028676905,3422.4704854443794,3422.6100928660567,1963127,TCS,TCS.NS
2024-01-08,3425.68359375,3482.9133158422196,3420.1886545813795,3481.1902782695042,1067805,TCS,TCS.NS
2024-01-09,3436.48681640625,3494.648088677372,3429.8279514524115,3455.1598780853456,1370944,TCS,TCS.NS
2024-01-10,3458.046875,3473.1342532438607,3434.7172021085626,3436.579847012092,1292227,TCS,TCS.NS
2024-01-11,3479.00146484375,3513.879443530223,3452.4121646346503,3468.244645562298,1777909,TCS,TCS.NS
2024-01-12,3616.13916015625,3637.0473054522495,3559.1422668706787,3583.7290906805597,6813450,TCS,TCS.NS
2024-01-15,3635.69677734375,3692.6936681850148,3618.1878690791377,3688.0370557408974,2801505,TCS,TCS.NS
2024-01-16,3596.115234375,3631.2260434367095,3590.7601305663925,3631.2260434367095,1432672,TCS,TCS.NS
2024-01-17,3617.8154296875,3641.4243183462013,3550.713598917996,3556.7205834939423,3458696,TCS,TCS.NS
2024-01-18,3634.579345703125,3640.353499833649,3596.7675605644026,3630.2951711755672,2239110,TCS,TCS.NS
2024-01-19,3697.83447265625,3717.059591726697,3671.575773438078,3699.6631577031208,2941975,TCS,TCS.NS
2024-01-23,3618.30810546875,3689.253392795468,3603.772039730458,3657.4617018928593,2618854,TCS,TCS.NS
2024-01-24,3602.881103515625,3642.12834296067,3568.932402810829,3638.70542557381,2657709,TCS,TCS.NS
2024-01-25,3573.34033203125,3620.887291071968,3543.7054208683003,3601.0993927441014,2205154,TCS,TCS.NS
2024-01-29,3564.6181640625,3582.4365658297156,3545.721371666126,3564.4306477301684,1646747,TCS,TCS.NS
2024-01-30,3564.196533203125,3608.5080891700763,3551.4891523141855,3570.6673355072853,1411621,TCS,TCS.NS
2024-01-31,3578.638671875,3595.566200692752,3560.351363342525,3574.184071078628,2459358,TCS,TCS.NS
2024-02-01,3614.462890625,3662.0567819751186,3568.4165242500367,3582.4367479301113,2363107,TCS,TCS.NS
2024-02-02,3719.638427734375,3736.612663128637,3631.2028376276817,3634.063205902369,2826510,TCS,TCS.NS
2024-02-05,3726.20361328125,3771.8749524182936,3715.700178349996,3735.300332044272,1691523,TCS,TCS.NS
2024-02-06,3878.784912109375,3891.8203887754125,3741.8645549604466,3748.429229618272,4474396,TCS,TCS.NS
2024-02-07,3829.4560546875,3896.603391231385,3820.593789517031,3894.7277698637645,2124267,TCS,TCS.NS
2024-02-08,3877.00341796875,3899.417002760364,3831.9415667460817,3835.6458733260915,2345173,TCS,TCS.NS
2024-02-09,3876.62841796875,3924.5034728185747,3845.0240130368975,3879.3008122308597,2100596,TCS,TCS.NS
2024-02-12,3864.43701171875,3900.9177589811775,3850.228812262782,3873.1584686878864,1013716,TCS,TCS.NS
2024-02-13,3891.446044921875,3910.671166965711,3827.674908386223,3868.891877592723,1257415,TCS,TCS.NS
2024-02-14,3845.117431640625,3858.9968457118357,3797.6641224758114,3851.5882333641575,1391283,TCS,TCS.NS
2024-02-15,3848.025146484375,3888.444422362778,3829.081186690457,3871.2826692770527,1091582,TCS,TCS.NS
2024-02-16,3871.56396484375,3889.992312550588,3845.1179762463685,3857.450096117476,1307556,TCS,TCS.NS
2024-02-19,3848.587646484375,3871.56401029997,3802.822664172948,3866.640503768057,772291,TCS,TCS.NS
2024-02-20,3779.986328125,3843.1479657037125,3760.620630178596,3828.236868254403,1193648,TCS,TCS.NS
2024-02-21,3743.271240234375,3810.653027573639,3733.0491956484493,3763.434169375059,1885939,TCS,TCS.NS
2024-02-22,3832.926025390625,3840.2877016688244,3724.0461165985157,3724.0461165985157,2982052,TCS,TCS.NS
2024-02-23,3800.10302734375,3873.1583931027276,3794.757322908657,3873.1583931027276,2538072,TCS,TCS.NS
2024-02-26,3752.227294921875,3798.133079811019,3735.065314473416,3785.0037308931537,1379284,TCS,TCS.NS
2024-02-27,3849.150390625,3867.531573098657,3750.305228133252,3750.305228133252,2960475,TCS,TCS.NS
2024-02-28,3862.795654296875,3896.509674983892,3834.7080400231876,3840.8976823678586,1939225,TCS,TCS.NS
2024-02-29,3840.428955078125,3880.754817970432,3811.778790417747,3844.0863254782985,3772719,TCS,TCS.NS
2024-03-01,3839.725341796875,3882.5363087877504,3832.6448252006635,3851.776300908435,2043265,TCS,TCS.NS
2024-03-04,3826.924072265625,3861.8105844645606,3822.4225351204777,3849.712918034811,1749271,TCS,TCS.NS
2024-03-05,3762.590576171875,3811.2628621841086,3732.4867597177044,3809.387240696813,2070859,TCS,TCS.NS
2024-03-06,3811.54443359375,3818.7655308738504,3712.2770700452925,3745.663225699868,1744204,TCS,TCS.NS
2024-03-07,3853.089111328125,3867.5313044415575,3786.598195707899,3812.200473461429,2688905,TCS,TCS.NS
2024-03-11,3865.983642578125,3894.7274460641324,3834.7075672902088,3834.7075672902088,2304068,TCS,TCS.NS
2024-03-12,3931.53662109375,3966.8922650781215,3864.7643209446364,3865.9837495151633,4039801,TCS,TCS.NS
2024-03-13,3890.976806640625,3977.25539574907,3874.9401512123873,3943.4942087066347,2837260,TCS,TCS.NS
2024-03-14,3945.9326171875,3962.250432711918,3831.8947380025797,3895.150256479137,2919608,TCS,TCS.NS
2024-03-15,3956.85791015625,3975.3796720157243,3917.2354069378816,3931.8653458631275,3373143,TCS,TCS.NS
2024-03-18,3894.25927734375,3990.1504299285543,3861.764225288072,3953.106903991148,1526904,TCS,TCS.NS
2024-03-19,3729.954833984375,3805.636117588947,3719.920304502826,3799.305894869941,8931209,TCS,TCS.NS
2024-03-20,3723.952392578125,3768.123367840969,3713.9178639455963,3738.113425638154,1817913,TCS,TCS.NS
2024-03-21,3725.875244140625,3759.1205900676036,3702.476911275549,3741.9118998530926,3829582,TCS,TCS.NS
2024-03-22,3667.683837890625,3693.098599879169,3615.260310445454,3654.6483605203457,5852485,TCS,TCS.NS
2024-03-26,3636.361083984375,3701.257540323518,3630.6872833100233,3634.0165571732955,3440925,TCS,TCS.NS
2024-03-27,3602.037109375,3652.772761001774,3591.252286075508,3646.6769913107573,1968575,TCS,TCS.NS
2024-03-28,3635.235595703125,3671.5288233376846,3601.661927465741,3610.6650016041267,4311783,TCS,TCS.NS
2024-04-01,3673.169921875,3688.6907341711717,3646.254801582969,3655.304582916496,1569676,TCS,TCS.NS
2024-04-02,3642.26904296875,3666.6990561572848,3632.140642171932,3648.083423198765,2142666,TCS,TCS.NS
2024-04-03,3701.8203125,3733.424488071944,3611.509094088183,3611.509094088183,3973090,TCS,TCS.NS
2024-04-04,3754.337646484375,3778.1110105154908,3690.519582126367,3728.6414957560305,3394637,TCS,TCS.NS
2024-04-05,3731.783447265625,3753.118641944344,3714.19949560734,3730.6111838217394,1636819,TCS,TCS.NS
2024-04-08,3725.499755859375,3781.8620387375217,3713.7301863711327,3735.299831392985,2302538,TCS,TCS.NS
2024-04-09,3701.116455078125,3766.106775201305,3680.9535272551757,3736.237416122381,1876992,TCS,TCS.NS
2024-04-10,3736.84716796875,3742.0520629416483,3674.342178842318,3710.3540167302876,2101965,TCS,TCS.NS
2024-04-12,3752.5556640625,3763.76268515537,3700.1321372268762,3724.0463102085732,4354821,TCS,TCS.NS
2024-04-15,3696.099609375,3811.4503293550783,3675.32719325435,3752.5557696224905,4200329,TCS,TCS.NS
2024-04-16,3631.953125,3684.376648663715,3622.6219548397376,3659.337150142385,3051420,TCS,TCS.NS
2024-04-18,3621.8251953125,3691.2231923226304,3610.571466067614,3635.7048405060677,3476284,TCS,TCS.NS
2024-04-19,3588.251220703125,3612.9626239981167,3564.5245644253832,3599.3174326502835,2957749,TCS,TCS.NS
2024-04-22,3624.262939453125,3636.8295099208426,3574.9340102677284,3598.3792752878476,1728883,TCS,TCS.NS
2024-04-23,3633.735107421875,3652.772710601142,3620.5121138030436,3635.9390541705266,1807586,TCS,TCS.NS
2024-04-24,3592.7998046875,3655.586186600659,3586.6101623523527,3648.0837008405756,1317312,TCS,TCS.NS
2024-04-25,3612.634521484375,3632.7505162587627,3573.9967644173494,3574.184280775608,2856271,TCS,TCS.NS
2024-04-26,3583.703125,3635.7046841917695,3566.07223748283,3615.400944510773,2039178,TCS,TCS.NS
2024-04-29,3629.514892578125,3636.6423454168485,3581.6865473099597,3599.3174341023114,1110693,TCS,TCS.NS
2024-04-30,3583.04638671875,3640.3467125091584,3573.058794270598,3631.2030581143713,2203078,TCS,TCS.NS
2024-05-02,3623.0439453125,3630.35891420508,3543.0955870607045,3543.0955870607045,2491044,TCS,TCS.NS
2024-05-03,3604.381591796875,3651.459872612422,3561.430044438285,3648.224242496259,2962234,TCS,TCS.NS
2024-05-06,3677.20263671875,3694.927167103904,3613.384573734727,3613.384573734727,2053831,TCS,TCS.NS
2024-05-07,3731.501708984375,3739.988941315255,3670.12204659911,3686.3462169354693,2062112,TCS,TCS.NS
2024-05-08,3729.626220703125,3736.5192209369857,3693.66131770256,3714.6681858171114,1247685,TCS,TCS.NS
2024-05-09,3713.91796875,3724.0463703208047,3666.886852709913,3715.6060738380834,1726486,TCS,TCS.NS
2024-05-10,3651.7412109375,3726.484911351382,3643.4417231221314,3716.1689930361385,1672489,TCS,TCS.NS
2024-05-13,3702.2890625,3709.041253630369,3629.327345524533,3642.925600436705,931326,TCS,TCS.NS
2024-05-14,3658.587158203125,3700.413608162642,3650.803283386374,3691.2230172569975,1058317,TCS,TCS.NS
2024-05-15,3639.08056640625,3682.7357004952323,3634.485385536964,3661.6818959693137,1115021,TCS,TCS.NS
2024-05-16,3684.9423828125,3693.018989202287,3630.673611714795,3675.637945909043,2599399,TCS,TCS.NS
2024-05-17,3621.7939453125,3702.937300542508,3617.9208829280115,3701.992673680125,2765804,TCS,TCS.NS
2024-05-21,3608.663818359375,3631.854456042576,3599.0759470919206,3618.4880769854944,1908117,TCS,TCS.NS
2024-05-22,3619.810546875,3628.548346342274,3606.1607332910276,3622.644427783305,1311168,TCS,TCS.NS
2024-05-23,3677.857666015625,3688.7681531563644,3613.6703123942825,3628.264752304816,2095742,TCS,TCS.NS
2024-05-24,3636.34130859375,3668.742057896385,3631.429294761055,3663.4993323947815,1309452,TCS,TCS.NS
2024-05-27,3634.027099609375,3691.9327769001197,3628.642772199506,3641.536837624862,1841538,TCS,TCS.NS
2024-05-28,3627.272705078125,3655.706066734782,3617.9209911096164,3644.370544047232,1801993,TCS,TCS.NS
2024-05-29,3593.0302734375,3635.774643725855,3589.582477254128,3635.774643725855,1568095,TCS,TCS.NS
2024-05-30,3529.220703125,3584.2922676744465,3509.714018991741,3567.8558516313005,2919230,TCS,TCS.NS
2024-05-31,3467.677734375,3542.161650427461,3451.4301994032935,3532.9042615855815,10956800,TCS,TCS.NS
2024-06-03,3497.811767578125,3543.815050940118,3491.3409811408733,3526.1032967744277,2156773,TCS,TCS.NS
2024-06-04,3509.288818359375,3537.627624429572,3392.6274000370645,3495.1194153242764,3395997,TCS,TCS.NS
2024-06-05,3538.997314453125,3574.2792205302862,3495.1194421750433,3510.2334721952598,2799670,TCS,TCS.NS
2024-06-06,3618.298583984375,3627.2725390345563,3534.3213495003415,3571.634109972148,4328036,TCS,TCS.NS
2024-06-07,3678.329833984375,3698.2142761529285,3624.8168128885063,3624.8168128885063,4552445,TCS,TCS.NS
2024-06-10,3645.031494140625,3689.617834286387,3629.161717309955,3679.321494112552,1734661,TCS,TCS.NS
2024-06-11,3638.79736328125,3665.1050839975637,3628.3119124726636,3632.0904200618043,1419898,TCS,TCS.NS
2024-06-12,3619.479736328125,3677.9050050406395,3615.512349289223,3659.862538168497,2177001,TCS,TCS.NS
2024-06-13,3663.404296875,3674.5982165958594,3638.7023985417095,3643.2366532623782,1932323,TCS,TCS.NS
2024-06-14,3619.857666015625,3673.654123447534,3616.031880832389,3673.654123447534,1860730,TCS,TCS.NS
2024-06-18,3603.846435546875,3629.2568087209993,3584.906618726297,3614.1900547154564,1774045,TCS,TCS.NS
2024-06-19,3591.188232421875,3621.558127260561,3582.922746603089,3615.7012556686554,1509050,TCS,TCS.NS
2024-06-20,3577.5380859375,3598.981069597492,3570.736818650082,3585.8035709865335,2846526,TCS,TCS.NS
2024-06-21,3599.737060546875,3663.0743420998706,3587.7403447033967,3615.08724810415,4642195,TCS,TCS.NS
2024-06-24,3605.451904296875,3643.4258585651314,3581.363918973201,3597.8476118252383,1702154,TCS,TCS.NS
2024-06-25,3625.90283203125,3634.593352796922,3582.875033532891,3605.6406325261373,1338808,TCS,TCS.NS
2024-06-26,3642.339599609375,3652.8248194664434,3628.3117983770853,3631.6179924136177,1639845,TCS,TCS.NS
2024-06-27,3716.303955078125,3723.719368748634,3606.6801840344065,3618.8657792176605,4526556,TCS,TCS.NS
2024-06-28,3687.96484375,3740.722345851188,3682.013879060851,3700.8591386940006,2731571,TCS,TCS.NS
2024-07-01,3757.914794921875,3780.1135277066987,3668.930984521538,3668.930984521538,2658723,TCS,TCS.NS
2024-07-02,3794.94384765625,3800.61160880511,3762.0237400230303,3772.4619129298726,2307449,TCS,TCS.NS
2024-07-03,3745.681640625,3803.162277059337,3735.9992153513335,3797.399960989219,1821198,TCS,TCS.NS
2024-07-04,3798.297607421875,3823.2358967427767,3761.598989570618,3778.3661175753045,2518001,TCS,TCS.NS
2024-07-05,3789.654052734375,3803.7761780539627,3767.171887521997,3787.953678275629,1668616,TCS,TCS.NS
2024-07-08,3772.083984375,3808.027083028784,3757.7729794930797,3799.2892844506714,1758882,TCS,TCS.NS
2024-07-09,3764.810302734375,3785.072502499781,3754.9862757638116,3764.3379893103715,1305801,TCS,TCS.NS
2024-07-10,3692.688232421875,3781.624995321451,3685.9342421919528,3763.1102154389605,2669716,TCS,TCS.NS
2024-07-11,3706.4326171875,3759.615159156207,3679.8887389846327,3713.3284398600626,4872189,TCS,TCS.NS
2024-07-12,3952.271484375,3967.385513175067,3751.39645698104,3759.6146640167212,13509164,TCS,TCS.NS
2024-07-15,3938.33837890625,4005.217774223689,3926.860793883842,4001.1560633368813,4848030,TCS,TCS.NS
2024-07-16,3947.076416015625,3962.2845399612966,3915.383907085896,3940.983388073058,2029521,TCS,TCS.NS
2024-07-18,4076.583984375,4085.5108920932958,3929.6474707764414,3929.6474707764414,5613364,TCS,TCS.NS
2024-07-19,4073.601806640625,4126.955252351664,4057.363922028097,4087.804118951557,3903354,TCS,TCS.NS
2024-07-22,4059.35205078125,4090.218499814398,4038.19051447339,4071.2820847406656,1896386,TCS,TCS.NS
2024-07-23,4073.554443359375,4129.748348674782,4039.4212771190782,4055.233368947045,2365208,TCS,TCS.NS
2024-07-24,4077.246826171875,4108.349980054808,4041.1257072749645,4059.493937233536,1809793,TCS,TCS.NS
2024-07-25,4092.63330078125,4112.043129044065,4046.902036678233,4066.5957262823526,2810342,TCS,TCS.NS
2024-07-26,4154.5078125,4187.2679052166895,4106.4090376287495,4118.670552129421,3552210,TCS,TCS.NS
2024-07-29,4148.11669921875,4195.362964674367,4138.553716676068,4180.21383187482,1746803,TCS,TCS.NS
2024-07-30,4133.2041015625,4164.117706946695,4097.177294216961,4157.584736158652,1797906,TCS,TCS.NS
2024-07-31,4152.14013671875,4179.266456575889,4113.935830045817,4118.669933417561,2330091,TCS,TCS.NS
2024-08-01,4163.265625,4184.2847683252885,4132.919742480951,4165.443127805721,2202244,TCS,TCS.NS
2024-08-02,4055.281005859375,4164.118251496919,4042.9251782382544,4132.873162297419,2811282,TCS,TCS.NS
2024-08-05,3934.087890625,4013.5736879846177,3891.907205581687,4013.5736879846177,2787771,TCS,TCS.NS
2024-08-06,3949.379150390625,4031.799717033467,3939.531844107783,3949.1424451879575,2203067,TCS,TCS.NS
2024-08-07,3977.07373046875,4019.2072572996026,3957.994920939523,4003.1584593448297,1237666,TCS,TCS.NS
2024-08-08,3950.657470703125,4006.9461596918663,3938.775053005237,3958.658292455504,2441283,TCS,TCS.NS
2024-08-09,4003.868896484375,4027.4446445233084,3981.9024665927805,3992.7437508660028,1302536,TCS,TCS.NS
2024-08-12,3972.529052734375,4013.573831585472,3963.7238032102878,4005.052443408008,936912,TCS,TCS.NS
2024-08-13,3973.760009765625,4008.839537848005,3960.5516737879557,3988.956299705632,1495593,TCS,TCS.NS
2024-08-14,4066.83251953125,4077.200393436632,3965.4279074613096,3985.1692159262047,3226545,TCS,TCS.NS
2024-08-16,4181.20751953125,4191.575391499624,4095.0944511200714,4118.670194945417,3457058,TCS,TCS.NS
2024-08-19,4251.2255859375,4255.249574521071,4156.87498137627,4185.894947757169,2055210,TCS,TCS.NS
2024-08-20,4282.7548828125,4322.23750010525,4260.694140300903,4265.428244901237,2212298,TCS,TCS.NS
2024-08-21,4309.455078125,4317.503055311436,4253.639804359008,4277.736579801988,1896990,TCS,TCS.NS
2024-08-22,4262.587890625,4318.403170209416,4258.04333501898,4317.503505386495,1829872,TCS,TCS.NS
2024-08-23,4226.51318359375,4266.374430859017,4218.086571122263,4260.693506184104,1809253,TCS,TCS.NS
2024-08-26,4263.013671875,4310.0703901887255,4246.491463306979,4250.278746663329,1844164,TCS,TCS.NS
2024-08-27,4257.9951171875,4270.161857070282,4248.195429331919,4265.427753015881,930697,TCS,TCS.NS
2024-08-28,4266.421875,4319.8700965173775,4220.2643589002255,4259.510267771518,1848058,TCS,TCS.NS
2024-08-29,4271.8662109375,4313.715878264525,4222.821074859477,4222.821074859477,2133641,TCS,TCS.NS
2024-08-30,4311.58544921875,4348.038051973605,4249.14242918416,4260.693828489569,3637222,TCS,TCS.NS
2024-09-02,4280.6240234375,4344.013861375445,4272.055480062339,4332.652011694428,1216500,TCS,TCS.NS
2024-09-03,4272.3876953125,4313.621563619124,4256.812305434149,4280.624760360365,1717263,TCS,TCS.NS
2024-09-04,4241.046875,4248.384735865379,4200.759836723105,4238.869372185236,1265505,TCS,TCS.NS
2024-09-05,4237.92333984375,4259.747377422697,4217.282366116104,4242.704600629275,1688793,TCS,TCS.NS
2024-09-06,4219.744140625,4278.6365868505345,4203.8848901946485,4236.029645395859,1649179,TCS,TCS.NS
2024-09-09,4212.92626953125,4251.462060686222,4194.889518372097,4218.086627772867,1184938,TCS,TCS.NS
2024-09-10,4268.1259765625,4298.519014859862,4204.310350980651,4206.20399246566,1385591,TCS,TCS.NS
2024-09-11,4241.142578125,4307.420045613886,4233.473235852587,4281.00383317773,1325919,TCS,TCS.NS
2024-09-12,4277.45263671875,4291.5601745835365,4195.6469473824145,4270.398636628928,2742216,TCS,TCS.NS
2024-09-13,4282.09228515625,4305.194622601226,4265.428144890812,4289.098667337487,1458786,TCS,TCS.NS
2024-09-16,4273.23974609375,4304.295289007335,4255.43969677022,4286.2585344411245,1155120,TCS,TCS.NS
2024-09-17,4266.04345703125,4294.590014445038,4228.502101148829,4273.239388269134,1699364,TCS,TCS.NS
2024-09-18,4115.02587890625,4257.901071253871,4091.213423900801,4257.901071253871,2961779,TCS,TCS.NS
2024-09-19,4067.684326171875,4187.031372404745,4054.097354431545,4156.590712046438,2927551,TCS,TCS.NS
2024-09-20,4057.033203125,4100.3978822358085,4002.6857702859393,4087.3314750703935,5447908,TCS,TCS.NS
2024-09-23,4041.505126953125,4080.2300104049577,4026.82940258443,4071.3299861540204,1702319,TCS,TCS.NS
2024-09-24,4044.15576171875,4062.8083176204914,4014.5204536730093,4025.550824249018,3012026,TCS,TCS.NS
2024-09-25,4047.4228515625,4061.4832351175246,4014.5208235861746,4026.2141547688016,2713073,TCS,TCS.NS
2024-09-26,4064.228271484375,4087.235831927587,4033.456595579135,4033.456595579135,3964251,TCS,TCS.NS
2024-09-27,4079.567138671875,4145.181637964974,4071.376768553105,4104.468341840603,3012477,TCS,TCS.NS
2024-09-30,4041.505126953125,4070.146459995255,4033.5043051939065,4058.926539547175,2503416,TCS,TCS.NS
2024-10-01,4059.873291015625,4067.305927628493,4017.313968463482,4029.2435420878182,1823365,TCS,TCS.NS
2024-10-03,4007.656005859375,4051.4464707512293,3986.1158312368952,4035.9187010687683,3350119,TCS,TCS.NS
2024-10-04,4026.119140625,4069.436196462167,3999.4186065272825,4000.318271301223,2965463,TCS,TCS.NS
2024-10-07,4045.623779296875,4068.7261168182736,4004.484226222508,4046.6177563169667,1472619,TCS,TCS.NS
2024-10-08,4027.065673828125,4051.8249459382696,3980.3875920827627,4045.386749254377,1541867,TCS,TCS.NS
2024-10-09,4026.78173828125,4066.5953683116572,4020.864108234231,4033.456640048349,1082504,TCS,TCS.NS
2024-10-10,4002.59033203125,4065.506761861307,3975.322076727874,4027.065743241721,2378875,TCS,TCS.NS
2024-10-11,3928.54931640625,4016.3669515997326,3893.7536496314738,3922.6788421196575,5759183,TCS,TCS.NS
2024-10-14,3916.66650390625,3943.887604227915,3902.985219568291,3919.8384463197513,2137590,TCS,TCS.NS
2024-10-15,3897.871826171875,3948.1957233726384,3877.231316907688,3911.364023062213,2759474,TCS,TCS.NS
2024-10-16,3877.18408203125,3896.1678867388287,3850.9098028436433,3867.7632605900644,2359151,TCS,TCS.NS
2024-10-17,3890.487060546875,3910.323143238336,3875.29053893895,3894.0847950246857,2522659,TCS,TCS.NS
2024-10-18,3913.31298828125,3935.2379992491005,3872.453098683255,3881.944405297675,2361000,TCS,TCS.NS
2024-10-21,3872.311279296875,3929.35413147785,3862.9622484885167,3922.3779276034525,1595450,TCS,TCS.NS
2024-10-22,3811.234375,3881.75483326371,3802.5499216715493,3859.1654759681237,1928049,TCS,TCS.NS
2024-10-23,3859.402587890625,3904.2962832162098,3791.919304547543,3796.143121407225,1966476,TCS,TCS.NS
2024-10-24,3841.986328125,3871.504387583309,3800.3195802607424,3800.3195802607424,2676744,TCS,TCS.NS
2024-10-25,3851.1455078125,3883.8430156937015,3827.5595160672574,3850.670942439126,1759676,TCS,TCS.NS
2024-10-28,3882.75146484375,3923.7063623671393,3844.928513292037,3861.9653632236445,1532534,TCS,TCS.NS
2024-10-29,3867.94482421875,3894.757766071196,3853.565587028902,3887.4970090191655,1445885,TCS,TCS.NS
2024-10-30,3876.86669921875,3898.079863479923,3853.518222560894,3867.7076804676617,1935002,TCS,TCS.NS
2024-10-31,3766.577880859375,3870.839986500922,3758.557772361112,3862.962154926698,3740372,TCS,TCS.NS
2024-11-01,3781.526611328125,3795.5262896074955,3773.791288560614,3786.889338989994,154895,TCS,TCS.NS
2024-11-04,3762.49609375,3788.8344687291683,3714.1854373776496,3764.536863637049,2269192,TCS,TCS.NS
2024-11-05,3769.330322265625,3783.234994421101,3740.61911840681,3740.61911840681,967590,TCS,TCS.NS
2024-11-06,3929.068603515625,3938.7021869268697,3773.0316173071656,3799.939563929586,3792017,TCS,TCS.NS
2024-11-07,3939.746337890625,3991.853518092011,3877.2462233751357,3957.5902722464216,3724349,TCS,TCS.NS
2024-11-08,3936.044921875,3957.6376448006463,3908.187843785678,3943.637967299403,1648039,TCS,TCS.NS
2024-11-11,3985.115234375,4018.903916361986,3908.1879134815194,3918.201520379155,1406487,TCS,TCS.NS
2024-11-12,3983.881103515625,4003.4332886046573,3952.51251928902,4001.5350272065516,1587640,TCS,TCS.NS
2024-11-13,3939.224609375,3983.2641802267012,3920.9061091902613,3965.5629857379695,1098813,TCS,TCS.NS
2024-11-14,3935.0009765625,3948.383812461554,3907.0493548019417,3924.6555443578186,1825432,TCS,TCS.NS
2024-11-18,3815.031005859375,3998.687803877484,3787.2214288591285,3998.687803877484,3313944,TCS,TCS.NS
2024-11-19,3834.060791015625,3921.9501508023773,3809.9054621443674,3815.4102345767187,1776233,TCS,TCS.NS
2024-11-21,3865.666748046875,3884.269569212707,3819.3016244550995,3839.1383617742936,2384347,TCS,TCS.NS
2024-11-22,4028.680419921875,4038.504015740722,3847.776008717878,3863.9112312507355,3096553,TCS,TCS.NS
2024-11-25,4095.594482421875,4107.933183046781,4035.8942467022307,4062.2798980460716,4052167,TCS,TCS.NS
2024-11-26,4131.28125,4144.47407361588,4090.7531850402665,4101.240893559863,2060669,TCS,TCS.NS
2024-11-27,4112.15625,4154.724856872267,4104.088638616241,4137.213672581404,1558993,TCS,TCS.NS
2024-11-28,4028.96484375,4119.179995477792,4017.670281030027,4099.2955217974695,2558544,TCS,TCS.NS
2024-11-29,4053.5947265625,4080.028107836073,3982.219916352583,4005.3313403533516,2017425,TCS,TCS.NS
2024-12-02,4059.099853515625,4070.0625915391006,4014.870268702841,4052.788226834513,1670944,TCS,TCS.NS
2024-12-03,4083.87255859375,4104.990718939741,4048.4701650537613,4094.882568586282,2010905,TCS,TCS.NS
2024-12-04,4132.89453125,4163.789012881952,4070.8687487593297,4094.1224503683907,3302642,TCS,TCS.NS
2024-12-05,4236.96630859375,4260.647302659025,4138.209454130842,4176.933797590591,3746747,TCS,TCS.NS
2024-12-06,4219.3603515625,4237.868399443609,4188.276322428843,4226.4788315167725,1842087,TCS,TCS.NS
2024-12-09,4225.671875,4242.044378496654,4190.933600979431,4205.076018232145,2066639,TCS,TCS.NS
2024-12-10,4207.06982421875,4265.204089616263,4187.66037612314,4200.995479380061,2087828,TCS,TCS.NS
2024-12-11,4202.2294921875,4222.350787782597,4182.819581274404,4206.4055751643855,1635256,TCS,TCS.NS
2024-12-12,4228.330078125,4256.851270827812,4200.852558457947,4204.696352489294,1914642,TCS,TCS.NS
2024-12-13,4246.31591796875,4266.247663475759,4170.8600242636485,4209.347553772588,1967048,TCS,TCS.NS
2024-12-16,4190.60302734375,4247.360871036558,4173.3286592062,4232.174776302126,1646224,TCS,TCS.NS
2024-12-17,4108.31201171875,4207.44889332409,4098.346139910261,4185.666159565598,3225027,TCS,TCS.NS
2024-12-18,4126.67822265625,4140.108330075579,4071.3913564877716,4092.3672387441043,1575404,TCS,TCS.NS
2024-12-19,4054.591064453125,4142.006088570945,4045.1947638609918,4064.177376549218,3015763,TCS,TCS.NS
2024-12-20,3958.1591796875,4159.090314297041,3941.2648402826253,4108.786392193494,4116989,TCS,TCS.NS
2024-12-23,3946.77001953125,4002.484177211474,3905.5778396822147,3986.39622640784,2195338,TCS,TCS.NS
2024-12-24,3966.8916015625,4003.433132047045,3946.7698461523696,3946.7698461523696,1181886,TCS,TCS.NS
2024-12-26,3957.02099609375,3986.3017716323247,3932.390868416551,3966.8918629397335,1208464,TCS,TCS.NS
2024-12-27,3952.9873046875,3968.26840248144,3936.282510765729,3951.2313201079583,858100,TCS,TCS.NS
2024-12-30,3947.24462890625,3985.684422832016,3902.825496858013,3939.8415947124545,1527169,TCS,TCS.NS
2024-12-31,3886.500244140625,3929.353632155194,3826.9422956665308,3924.6552500458943,1555429,TCS,TCS.NS
